target,mean radius,mean texture,mean perimeter,mean area,mean smoothness,mean compactness,mean concavity,mean concave points,mean symmetry,mean fractal dimension,radius error,texture error,perimeter error,area error,smoothness error,compactness error,concavity error,concave points error,symmetry error,fractal dimension error,worst radius,worst texture,worst perimeter,worst area,worst smoothness,worst compactness,worst concavity,worst concave points,worst symmetry,worst fractal dimension
0.0,18.5676899739227,21.528164293090086,121.3737319391376,1076.0,0.09456365141744824,0.15674834678485164,0.22795741996758606,0.09441865243222262,0.15286692378372269,0.06131529465911462,0.8040850026928326,1.5983114971944168,7.244550680982778,83.49898909019777,0.010811678297095265,0.07873017632798489,0.11137425135984175,0.026232590178993216,0.020492737913727386,0.007115927281782962,20.96,27.23982772685177,142.19411329890613,1263.9750861995383,0.1401,0.44236018402420574,0.6813740760278904,0.1940424549924793,0.22889930512216258,0.08665334148339594
0.0,20.292720473100232,20.27977917831899,135.66486689114993,1264.0,0.1116954674854866,0.16446519077145336,0.21343388439832744,0.12803001442970027,0.20849424555417143,0.06078427603757389,0.5247716738254015,1.0188721936761946,4.559258379121707,67.3399401206191,0.004980941660807661,0.025212336072425248,0.03842451624961044,0.01601104467621037,0.03677849054313338,0.0036397863280297174,21.120497571588473,25.17362828381431,153.89714683180677,1328.9606426690902,0.12803622017888136,0.2534974308800678,0.33966735792264086,0.18333751668062928,0.3590325112443569,0.07948239510375024
0.0,14.436617497665502,10.38,96.74622816247289,661.9046055704069,0.13512035396122174,0.20963175357283337,0.2417,0.13809467581563095,0.20934105538418313,0.06900194435820174,0.9775194024383858,0.5621689088909062,7.035214379941245,96.26581741443741,0.009228939169354227,0.03655625730603165,0.056724350322592626,0.01842534253658077,0.017919881561462667,0.0038936795502651804,19.7658843657188,16.67,129.05970125632618,1224.0346895466557,0.16762988463695402,0.48632513804620897,0.6094532362493273,0.2252982951739393,0.3258,0.09666597756572787
1.0,8.773165399795255,12.25769586665041,58.75799957353491,243.8680097431914,0.10312683471948937,0.10170427967210083,0.10037812949504786,0.02655048981357261,0.16940603458788941,0.06589935840721707,0.3383133925621306,0.834108458886142,2.5621937277552225,21.199802321169734,0.012882698000482758,0.031117910468558458,0.07724415807611044,0.013973102226295768,0.025403961610710547,0.00482159756314473,10.62302697575468,16.04119874725704,69.85486973020916,353.21944250219155,0.17311712170527996,0.2805646993155536,0.3718100541472585,0.0875,0.30535764809526933,0.0898380741067549
1.0,15.1402598192056,20.1867032014263,99.07818702355706,705.584356029243,0.08479581235755144,0.12163488420428138,0.1308261065370515,0.06528928502982918,0.19448312720354555,0.060067844182459626,0.41152522330085034,1.0987629852241032,3.17778392233641,44.61221292958434,0.004729068194939769,0.04594234530394366,0.08040031603848218,0.02456543387936442,0.018968983342582353,0.00485318573636926,16.635527175084817,23.73193908276253,113.33409544278243,861.885772724313,0.09561584373999826,0.3095664237130467,0.42933054301103435,0.14167159593535644,0.24585066950902254,0.07850361848625802
1.0,12.54,20.726948695789346,81.30947738017765,492.7326350233832,0.09592736117385278,0.06601513721875923,0.024805253317141486,0.031004242422458684,0.16323547838672953,0.06467403572550232,0.3925485983589122,1.0374094099284983,2.7096709691482235,27.608652505521544,0.0073234503609681855,0.010695248598199895,0.011657335624550643,0.009390491319936379,0.019377985545041755,0.0028144323966321654,13.367706295464814,25.109438244798866,87.31790645163998,554.4490066118275,0.12154195529780304,0.09516780205805372,0.05872111719011656,0.07262493189588297,0.2347130412532682,0.07624954002600233
1.0,13.05,21.366394710809725,84.37187489794687,515.0183517289018,0.09032519740745346,0.10550991028622689,0.06854165441320129,0.03726207738373698,0.1717,0.05791320836951214,0.4946706363898071,1.5393351171652563,2.70253540531244,42.94175661706162,0.004928757287631628,0.02600415943205707,0.044028805709816106,0.015726245035425888,0.02733267962586378,0.0035397055814804564,14.045255583873464,25.44408712278838,90.23493840724447,596.5815295694722,0.09811318438180326,0.1480696369518793,0.1646558548195818,0.07276435961819819,0.23623279335999128,0.06569182974511893
1.0,10.492393062660009,18.46888159250465,68.5338400979995,345.1796610372655,0.08152359373273103,0.05692598972589301,0.0389607849042853,0.021672353467111466,0.17951305819996224,0.05945,0.5002165025825697,1.9087773694994985,4.094217395488685,30.262107661377083,0.013303297661606817,0.03252706663672637,0.03165176572447094,0.017215936303651994,0.029280880605631197,0.004662171913466571,11.85760691609668,24.389661041680913,79.57105246018487,421.7736157294009,0.1142,0.13786766850729001,0.10616293526765584,0.06906696756087978,0.24412907959050845,0.07019648480888324
1.0,14.02244776347045,12.855937343996922,89.89813556654566,606.6847010794252,0.08990424426852994,0.08914023421878378,0.06362077328123208,0.05555728694912692,0.15678700585194863,0.056663207230118764,0.4346939589380258,1.34166877473201,3.2724365555009833,34.37,0.006544713529518905,0.031671089335836,0.021794206335864718,0.013878373681281477,0.021312860297666752,0.0042207140100829,14.905822945010119,16.261144408880668,97.23471857308219,688.7861278555616,0.1172,0.18057594563818513,0.12063991568653065,0.0821626853603291,0.2107154287943366,0.06640489006215658
0.0,19.15487951092077,21.885430021436406,120.6818905016036,1091.032154772523,0.10311201995522494,0.08598756507040371,0.09944632263544505,0.08597145114977123,0.17695590182657547,0.05583748091997135,0.43881974429013354,0.6588695624610108,2.4671993109298946,45.38222856581397,0.007178638220221385,0.011633410321941089,0.01826659590406661,0.014207296344834435,0.011166820053315561,0.0016991751460319361,22.59927755980511,28.114044853567602,137.96513592802643,1435.296473008768,0.14368944433277944,0.1969643006038618,0.261769492809341,0.19349307411329053,0.2810207777093731,0.07408615127252227
1.0,13.360360479072547,18.208563019861792,84.52105888083898,553.5900518061087,0.08435056369457115,0.03892105555743265,0.0002283487171199063,0.006288655276214051,0.18290635723686421,0.055164364876417425,0.15570912222117195,0.6035184721692184,1.0161234225119007,14.3106077530047,0.0032504484566910764,0.005875711973626305,0.0,0.0,0.013451226760860033,0.0014439725106545863,14.549786454712944,23.19,91.19095059710251,680.5665315797202,0.1096,0.11125862016967694,0.049011051279994534,0.02564,0.28488987926683207,0.06619879326258915
1.0,13.067087970428735,18.18546626825223,83.08442283933245,538.3776919496258,0.08879342959593496,0.04455977286532963,0.02034260988529612,0.023690338310474356,0.1626545845316097,0.05581581272352063,0.2800333275022608,1.237650532024079,1.539313523044483,23.36992720117553,0.0072044469895051,0.006826247770181351,0.011545400274902516,0.007315857447788413,0.01618082813920555,0.0019233848795258406,14.889949027097378,26.8223903247912,95.33490703511694,680.2158198720816,0.1358,0.09131855800121301,0.08841914348652599,0.08220376337323737,0.2848711194844489,0.06775653319588514
1.0,13.652577881796919,18.34442524031333,87.4369507186963,573.4732416519689,0.08019981859508736,0.0531807530147623,0.04495998090603941,0.023437985055189445,0.14894855118826691,0.058794890665425856,0.19116422048711454,0.6085374001361658,1.1335238459999366,15.804131301699318,0.004959983056170256,0.01330691050890993,0.031314143786590205,0.00867815093030269,0.016104384422061923,0.0035375022330772317,14.686560286823656,20.310391643921875,92.00609933190081,658.0955702016036,0.1065657790720101,0.12382176304927249,0.19228342663537548,0.07575905593786308,0.24961112836395322,0.07809499392160901
1.0,10.25220073968991,16.199204330678235,67.49,312.42673963106625,0.09106926012132231,0.08762624457749707,0.03704421199328524,0.018618348769332996,0.20357581424468246,0.0716207869585936,0.361494065105227,1.5563141660587074,3.189319956511699,21.682914042124168,0.010377570493213095,0.03275277159287717,0.020790675944788502,0.01032911851775088,0.06146,0.006821159399814706,11.223126379947487,19.58065595520912,78.4004253865734,381.40897754085086,0.12162631070248699,0.1724022479449524,0.07138223296765468,0.034017096821656406,0.3211888942199936,0.08512759455191164
1.0,13.548385705558418,20.279017620256358,86.80486567953963,561.8226456988923,0.0719570924567898,0.06257175819137545,0.04070749434153383,0.019220635285517904,0.1601,0.05760287357939633,0.25722841004182123,1.14,1.9366042082785833,21.575716582108633,0.006548020014654997,0.020485079986255712,0.019893543251749114,0.011541114765733057,0.019718096202952794,0.0033175969306502903,14.396958959890641,23.01027718774267,94.5144948915584,631.8549947280504,0.09325976640664778,0.16297313428996757,0.12487265954388309,0.07315046988785806,0.22269105698631972,0.07083
1.0,12.47,19.99371847031314,82.05448501256318,470.86003642704566,0.09933754196932668,0.13386580245085308,0.08012584163780914,0.030272229126766085,0.17220528202147783,0.06491247960839441,0.24464411517779575,1.0871538118962318,2.1200908775686993,20.174643900166082,0.005297641113330625,0.03251103571231005,0.0433262492308093,0.009061526044302591,0.019383993837466012,0.003524079920435298,14.394231825943665,29.891301481196837,97.64129926424833,629.393258406254,0.13069144063940982,0.3635722696227268,0.32350597492896205,0.1056,0.31933506308697734,0.09347242945105264
1.0,11.679417359929246,17.617518510380744,73.87330180659231,424.96813688468563,0.08672033285058323,0.036164277572994556,0.0009213147734630806,0.007369048154134868,0.1539,0.05722965277430471,0.24163766410470497,0.8946186106801333,1.5271924011731546,17.67,0.005914356647584778,0.0037212126191233773,0.00016202532993256894,0.004939618436717865,0.017671847604285848,0.0014754233599615508,11.962875077347833,20.359180720460827,76.457890870396,441.0482407531643,0.11158812180230585,0.04475068549698956,0.0,0.00930981836302809,0.21146998310142492,0.060762273013504044
0.0,15.46,23.95,98.77907102431169,783.3495470811012,0.07424077806072991,0.04605,0.02398,0.02307,0.1308,0.052570536004516825,0.4382450937472125,1.0233713321400688,3.012690260143668,40.51670704525106,0.007481686175364434,0.009269,0.01101,0.009257328189194494,0.007882,0.0016824722570494962,19.764894440946374,34.01,126.43579141998464,1226.2889700853584,0.14330057401518612,0.07144337008085762,0.05766439846822207,0.1097274882036326,0.16058653043952612,0.07418392694572225
0.0,19.426553322363297,20.94121349645146,123.62992342613752,1168.8909864566372,0.08688775649138025,0.08563887565924413,0.1204,0.08105966048467697,0.15426126544610036,0.053120308506103955,0.5481989607245097,0.7732882666949698,4.295970944647865,65.73751385637489,0.005213601850323813,0.011138960537891833,0.021019817220015113,0.013356486836379905,0.01961,0.002161518200711747,23.612569524302028,26.3847584704435,158.4217482697953,1660.011676439652,0.12809200066324608,0.1798946973150877,0.2650246084076851,0.18367005473317946,0.2908401951693908,0.06887541192645356
1.0,8.588481880823483,16.33357764847736,54.39774970347022,221.2331964342207,0.09796148086627483,0.0960709230475623,0.025592423194019925,0.01116887042807234,0.23252097787358497,0.07375074566736063,0.30672764840322436,2.1935832501440937,2.5634136582855027,17.85321762544372,0.01953019960308073,0.0455440368075902,0.022054781259738438,0.011276885383446303,0.06146,0.011350008589940216,8.450539467248447,19.057405297550044,57.01263927602495,215.22754776057423,0.12814415490462758,0.16081233771959308,0.036219124181393995,0.022109229939057166,0.2740987876802148,0.08489395190294877
0.0,21.094727582826565,13.533775042959666,137.69155803904184,1326.1732401825536,0.09951575441437972,0.151530327270725,0.16719255525440352,0.10465746162485286,0.19471500318930438,0.0612210224324859,0.9998233855171367,0.6635075360645664,5.373557730977472,130.18816819645645,0.005217278097268235,0.03203831063656821,0.030575284290206613,0.015644621752979114,0.019241936915268112,0.007321935384566409,25.076790994284966,16.671921579314557,159.06992416868275,1952.1557248817467,0.11629352968465446,0.28582984008006374,0.26791662833166535,0.18627288414875365,0.28100643877446585,0.09136
1.0,11.6,18.32,73.76286455937455,412.661688266726,0.08793121260283293,0.052947587555467614,0.031032722910973237,0.016984543882730813,0.13112298648314208,0.061630066065303954,0.1903472629766251,0.813555133398366,1.3052096232486379,12.82499116661992,0.00635010898408792,0.010981173115113535,0.014502216695650558,0.003208605979043983,0.013510621828170673,0.0021237589589791885,13.102447342063899,25.47687513558732,86.07196128055843,521.4736430726634,0.13676124456998706,0.1317382634772237,0.14270986274520775,0.04009754448177311,0.24347292369796797,0.07657903803384991
0.0,18.22,18.1619659687208,119.88151432231798,1088.2372643044423,0.09867697138591038,0.1334563659357811,0.15504977258658936,0.0881140603937926,0.16072334488581314,0.059780049807444426,0.7311993031917252,0.6633863777424215,4.894852981444863,88.5054947218322,0.005625213437766433,0.030904981248801096,0.035718407000329425,0.013803186758410186,0.013344287140507054,0.0037472353759188874,24.433134279747495,23.959584838093214,160.09252879705943,1872.349443110228,0.14629231283611613,0.42378204074036735,0.5626787416083248,0.19851276318246186,0.25686300885900165,0.0921060878983186
0.0,19.649831528028507,23.205069328731643,132.4,1206.9106881917367,0.11858651008697774,0.26982345843254024,0.2997236196931634,0.1601622678010329,0.2676596282284174,0.06781458329677947,1.0758167778381853,1.3232906382021032,8.795428701634329,153.3528859633813,0.005423752856194041,0.040929913817840946,0.035748935211307405,0.016363231030038523,0.031166339149181106,0.003755106564322871,27.894734064197817,35.27559345949137,195.38482726709944,2387.3996199798034,0.17093889405914509,0.7797811891637104,0.7664517682218834,0.2900882451643475,0.5774,0.1148354121816164
1.0,13.761026776867947,12.948849089455555,88.62753133043196,580.3596178400599,0.11267428276181905,0.11396650092785576,0.04670210015311054,0.032779992550128985,0.15610418881406046,0.061841943243085874,0.20317394588606075,0.5835129362452538,1.3722318105659874,15.192734752794236,0.004672572606519292,0.021971278145496098,0.02108680332886422,0.007474788606627051,0.015803038289337053,0.002275661702762283,14.910381377867575,17.37481559928946,95.79571407236907,677.65357081625,0.15327387745273532,0.25311835775104313,0.15605694000051354,0.0875,0.28172665793228946,0.08110069756009705
1.0,15.59175894026639,18.306612578673384,104.88760469487066,765.2674458049077,0.10146378528470765,0.0923958939866247,0.09267649133501422,0.06014934664761979,0.18161130982243895,0.057622227336954296,0.19355474073628567,1.107260015382517,1.3587098726247882,18.940032982479973,0.0042414799522558465,0.01910141157564878,0.0331517555919492,0.015574130785973576,0.016091908420947328,0.0027834447755496726,16.4736185297896,24.755094218398654,110.77147809092799,845.410785968876,0.13005221086367305,0.212819056149625,0.3217178314909247,0.13601288133734507,0.27121736165262883,0.07590651850970973
0.0,17.42803932962777,21.260307831761697,110.16897291586373,953.9341083941559,0.08464362763998576,0.10249537926618077,0.09595852296424534,0.05400923386512343,0.14440313266111582,0.055818314521910266,0.2870863851313165,0.8261759135475994,2.05398341736539,30.724478439220395,0.006073978936966106,0.027855340549753863,0.03367752451019332,0.014671725344483865,0.013214679180418541,0.004026376268155958,22.093492624764536,31.177683908681914,133.9174415259013,1515.933661810598,0.13883952282408138,0.3748415680702456,0.39652809255741034,0.17194816330679302,0.2550043783486676,0.1005597851761879
1.0,15.326947320702907,22.474566273136162,98.17750225563479,722.4390336891237,0.07947300712254657,0.05305336607030347,0.01367601027339734,0.022798151076771512,0.16455687628814142,0.055843537068585025,0.2788826479735655,0.9311116795937628,1.9080918010604384,26.808019435474613,0.004571477467151227,0.005874859554947809,0.0001775718394383338,0.005143556582563831,0.01821580060905776,0.0016668617090741902,16.866883877959953,28.472124005202307,113.35432953156538,885.9946270618018,0.09850149252972482,0.1109,0.06283769388303799,0.08313255157678327,0.2656607721706767,0.06290491433734166
1.0,14.285352922105456,14.631625363422256,94.28023472903045,609.6864071268534,0.08739875708824991,0.11365802430061382,0.0515320256518635,0.049286323562461355,0.19942752909081324,0.06111848935094053,0.23839073646046352,0.7529501732506272,1.804374430481616,20.353678663735916,0.004105323815174386,0.02195093683285496,0.0184001818133179,0.013141576375510432,0.01576970562816989,0.0025192062619993376,15.16419748907742,19.2518797137095,101.1648228567878,692.1469505708421,0.10043649183366168,0.24602398723082858,0.14336567706823955,0.09889514342482633,0.2590735509554302,0.07390279281903746
1.0,12.519755377180301,14.758748069006597,80.87824476141019,480.19602702949805,0.10036662625911347,0.11324961909973424,0.05912355972362726,0.029293787774192337,0.1466944121431777,0.06524744777153207,0.12348356719773859,0.5304473237923222,1.0012635633678175,8.541106069399737,0.0047305690708233155,0.01700863190419785,0.022740262294430866,0.007621260979425736,0.013446277399690643,0.0018577222523897738,13.867601043172511,21.73166619468776,90.87878409110061,583.5309447845976,0.15350495286086727,0.360729336795447,0.31614016371799825,0.11807156491362562,0.31091337063136576,0.08544569105429248
1.0,13.002211652642526,21.470661658776383,83.07635262458902,537.057431144583,0.09968055754915872,0.0764825608739603,0.06578375559760646,0.0288631693422838,0.16356861001112624,0.05852181895483685,0.34246461235886616,1.9181206444356123,2.9372524517425895,27.486595097431504,0.010488490415798713,0.023852150079609162,0.032592402387107595,0.011107952094566931,0.020322592187645424,0.0034663781869189248,14.486304637029974,29.124803881631465,97.17499997830414,634.2853435453985,0.1313,0.16784331779204276,0.2007064219578895,0.07945412629994192,0.23605110295677884,0.07031465874309713
0.0,25.661908586650387,18.87514035659478,173.1807488732748,1896.264667528701,0.09830469211144616,0.14458554205055343,0.194621709106847,0.10188300542948497,0.17265370830163473,0.05798563662177478,0.8094848442008081,1.1981331157072228,5.282002922739914,114.55578212000566,0.004432726988318502,0.030649858849761055,0.04664756281923709,0.013520680961505162,0.0198546959977627,0.003624111927791542,31.203919316197666,27.87679733471439,205.78220399471027,3152.11612459866,0.13142028419322704,0.3786404876045402,0.5348958005197131,0.19719525626612078,0.3025580543831241,0.08288930562133041
0.0,27.816284972711994,26.278714228395344,185.751417701109,2499.7545331328297,0.08211660103216445,0.07359276762473027,0.10502771371668009,0.08820471686571653,0.1308,0.05023325746004625,0.6642702665746272,0.663300034797343,4.589982107457954,97.32564192839868,0.004430017046030419,0.013960849997661368,0.023996131456037892,0.011392953813823421,0.013263937270467836,0.0017158642431871207,31.564391370320898,26.64490768447051,211.66903488415608,3016.886064586477,0.11320238745344677,0.19124340072209903,0.28651774189464363,0.1613,0.1642079081480732,0.05982919502521031
0.0,21.608794593208117,22.324383358184793,144.77997942891227,1434.400496188894,0.10823860461905921,0.17024419053449252,0.24484713898039226,0.14998942531794657,0.17409009124139033,0.059020017876931244,0.6900178900801214,1.390554615822525,4.675976611799863,93.93494812613831,0.0075646498389741025,0.03086164943502815,0.04732511959422182,0.01587385754340496,0.01592560585852231,0.0026710067278635113,25.344903419433855,31.68472020822946,175.16832933909564,1979.4613657300797,0.1464,0.4200923749894007,0.5872832068242054,0.24710703369898837,0.27235029136842626,0.07726774683722132
1.0,9.767687597475346,13.04418768605714,61.976918085859694,290.8443322990277,0.09751985268380184,0.07207961906581295,0.019129155040198464,0.005492382451442043,0.18332391781872495,0.06458684379726082,0.21139221939674693,0.5022165335444193,1.2569531272835146,12.689051679414868,0.005416979176167868,0.011785873009443646,0.015189745657026762,0.0019174535008561434,0.017266295211481767,0.001792857825453151,11.673662508461302,15.643533193986293,71.91939706558198,408.4652883589694,0.12817050853687154,0.1633499042866838,0.09206904657878304,0.016428367652165283,0.29752272296369814,0.07625771174074057
0.0,21.451619907198342,32.00408614113086,143.95757829545846,1405.0872249022898,0.1001,0.17,0.22042345867475704,0.12432723239626324,0.1735175951763101,0.05866147137870182,1.2603872759599524,1.2528484656552275,10.410262632500453,215.24094562286277,0.0074851649171716154,0.07138860766747483,0.081606521585146,0.02250115787204456,0.045397702048807914,0.005122823191616326,26.147674665845443,33.83059474200778,184.93510569697773,2198.589565285833,0.1251504129736754,0.41867717864819864,0.4163760209755141,0.18619742113037321,0.2813539785949275,0.076186744436855
1.0,13.27410241809693,14.63244445100346,85.25703488833594,541.8713439551391,0.08913015956011813,0.054801078114342316,0.032766413368668305,0.02074196578074983,0.1711139642726701,0.05672942918685853,0.13070648947323357,0.433406630058774,0.8439070287689097,10.229315454475525,0.0038471934108889384,0.00961191509450511,0.014566250004109164,0.0053612454669050335,0.01090236642355703,0.0012056963300192756,14.397951259910007,16.93,92.04649987059307,630.8162164973855,0.12026267473575279,0.12383577360465094,0.1544659926194065,0.05882,0.24480061375120565,0.06316602560234073
0.0,16.75706478833148,20.706620960832694,108.06075389245083,848.3517828219663,0.11381153823657987,0.12294117807598338,0.1374238423949287,0.0878113871027198,0.2309379963636044,0.062146273595262216,0.6536619501820089,1.166761163605858,3.856690507694464,74.08,0.00767375764953941,0.02301014070672749,0.024514488153555808,0.011849493561725807,0.015871489649127893,0.0029834357807241732,21.48833149900168,30.05515451683709,137.94540951558602,1357.3281799817187,0.15645078461700196,0.3416,0.36223695263054095,0.19375971024874955,0.3487345594304179,0.08674175520186941
0.0,16.83534170050678,22.311885226742138,107.81519059390912,932.4898595050591,0.08630081615635883,0.08230061014222335,0.10970002482199388,0.05344086539741279,0.1794,0.054846333793025184,0.5243067957466166,2.456982264174404,4.020352412377515,52.94827577657412,0.005883011734972413,0.02878093197606128,0.040376782712179295,0.016522094677224416,0.01618655426461246,0.004290069803063141,17.037713682963314,28.19999142348617,113.18961188303273,909.3246335299552,0.11823426693415241,0.20498931287582614,0.3007073536862187,0.09879661903186222,0.22808272081579684,0.07547196609535348
1.0,13.746097214224559,18.75,88.53746463990132,585.0358470734246,0.1014319842003719,0.0775680429464686,0.03709484372734956,0.02447632616106088,0.15918281626730188,0.061424601732381345,0.21505689933140654,1.2479887353556882,1.3953596152970533,17.62956171216233,0.0052874479761314645,0.012332838843930627,0.018004667290571034,0.008369966574214134,0.0225389988762916,0.003530371388696999,15.130926664000109,25.482801731313387,98.33346075261743,706.4763926966571,0.1316,0.18113512321334602,0.1804,0.09773212451318569,0.31152822219674475,0.08140380092483973
1.0,13.765429197599406,19.797959425508704,88.18582697685362,584.2241954505836,0.08121022963652055,0.05230197805678252,0.09272311960130591,0.028617649598845888,0.1718,0.05712105548809023,0.2244,0.6740987992221773,1.3486624968791059,18.24,0.004927762238401171,0.008976672461595173,0.027772302125176243,0.006335130756360175,0.014784689487965158,0.0018274774318284776,15.042745267223495,24.75911486632892,98.39607032063262,688.9395749147515,0.12729963535243513,0.16642874791847204,0.3463079721254782,0.10181456729541256,0.2759351299982917,0.07225481735998046
0.0,14.665186715703808,19.614365658817253,93.61065438875976,644.5547338514502,0.08414740836299152,0.08081277783927727,0.042130375489187556,0.028584690865058916,0.15519567115736488,0.05584668591248209,0.2817619859989546,0.9027839238303083,2.074004029576206,25.19303552151513,0.004879403642779004,0.020900342589819945,0.0262440787563968,0.013695616223671853,0.01467,0.0018533349692680925,17.385454547524077,30.373371765932877,113.79271295387352,866.5758947855819,0.131544161325352,0.2534397087949437,0.2978193978321264,0.1514070873281244,0.30954576674910406,0.07930984413775767
1.0,13.77637187312412,33.81,88.08840225892615,593.4055708574451,0.0828603544258515,0.05071344156292708,0.019961500925619827,0.016948167822390565,0.1346855130631344,0.05913517513846364,0.25420726011520034,1.6561700022386787,1.778,23.112600514072312,0.0041523546436337865,0.006836230878981915,0.007427387855435015,0.005315502530060447,0.01454,0.0020488276654956807,15.743045198906508,41.767434412026795,99.49401765736333,763.5542779904222,0.11498020836999394,0.08935489044497233,0.0700311583712167,0.04046846240992346,0.2152975319605499,0.07315350516038739
1.0,10.8,15.854431384670482,68.78443446489493,358.54122385298245,0.11550653035128584,0.07940689943443575,0.03617797511284987,0.023080765118632923,0.1922,0.06837116930882098,0.2955624708585265,0.6184209190103325,1.5361218551774702,19.620918138899444,0.010638314854818939,0.01729214846165025,0.031058298530850098,0.009531822670322024,0.024770987464587654,0.003997139433777453,11.93945250050958,18.20696987017965,71.17296140489447,422.3535160365806,0.1647551111125786,0.16906709409519757,0.12107553150453786,0.06133075780196148,0.318636824237571,0.08962072189757898
1.0,9.776341344141974,18.981508878712514,61.204276358038186,290.6141693688399,0.09588388316660959,0.05488364449845309,0.02688,0.01379561363324063,0.22266291413870584,0.06096657371944674,0.21125916145303014,1.4829592335681896,1.348549242698584,12.931631862398271,0.007491666873661997,0.010857750364985303,0.013232762839714559,0.007906533752548062,0.019241806177292296,0.0027396028755212673,11.399353815068041,30.03151622245599,72.47835550252185,410.49009307384614,0.16251313962381547,0.16206115050956826,0.15459079230571848,0.08211207665782289,0.3506460653214939,0.08188011552487202
1.0,15.127358421819402,15.149276695006435,97.89534187307324,696.4661593927789,0.10987331365481699,0.07929437155191904,0.038836914150561404,0.03734647570056991,0.17815045220998904,0.05591949020575609,0.6581464930656856,0.5307792022013147,3.404213548498122,53.65,0.005232229872630373,0.01150151140541564,0.015149652770255245,0.012446865773579478,0.018798692273915403,0.0014573092296408933,17.287229628517494,17.14481725575903,111.38263831496673,886.451124270652,0.1256,0.1063812983017117,0.08642103273322439,0.09013766939211937,0.2505895721987897,0.06164674715218282
0.0,17.013571902361424,20.529363063462334,111.07951701799321,866.4192407097771,0.09476563690848293,0.1313,0.1454683642096564,0.07955088375132431,0.21281157691201485,0.06777570969238457,0.523869346306877,1.3945446404365294,4.092846184467962,58.19068242530559,0.005685960147871409,0.037260971261203396,0.04591386633841492,0.016529471049783598,0.038526064218175574,0.006212706032888678,19.84272955703185,25.84,127.16495406601382,1225.0077386881728,0.11680851590966204,0.3175977080763309,0.3436031390685399,0.152776391564386,0.34900501562987746,0.096544094191729
0.0,19.320000215107864,21.730839399755116,130.0,1131.4541826565162,0.11546201313604602,0.16718838104748102,0.22839174892516123,0.13999232590740793,0.2091594157437242,0.06697,0.7581219584499637,1.3151447567483834,7.245374202158059,98.54356337928957,0.00716172552945611,0.03318797271735894,0.04264153349702979,0.018484842721114104,0.018830892403297123,0.0037697516219191768,21.60467998723121,26.042047934510656,152.35555949839295,1493.8521948025825,0.12781611137148796,0.3301316245920045,0.372827151032232,0.18702835186362246,0.2702659355265665,0.0791422824548171
1.0,12.772224721914501,18.08648770278352,80.43099617298145,512.2,0.08043702464982497,0.04046153834155103,0.017549945724196117,0.0207543717088099,0.16701365755867145,0.05474,0.4494243839939658,1.5437379285012043,2.702924297226512,48.84626244373009,0.005295853029646167,0.0046990457420626386,0.005202472260190411,0.007318528153117542,0.018002975809423342,0.001165410042438604,14.582137759351783,25.5,91.99203515060866,683.4927272951456,0.10156152249163486,0.058287315903885785,0.026288044395518545,0.05863422872228326,0.23003497674121925,0.05556963721999756
1.0,10.691766241712848,14.778188961332281,68.74601724822539,321.4960612120092,0.10442552284220517,0.1004177991682422,0.04196359055814088,0.02369,0.18378431791319963,0.07125976201244966,0.22827146842886042,1.4836851523269883,1.3587847995785909,17.65218224391754,0.009715142611336996,0.02334505815958755,0.030341781194332215,0.0162330401042664,0.025093505882825124,0.00811141301900021,10.646725145064126,18.08111771612571,69.1945442861412,344.9274453895886,0.1347,0.165,0.12456302463265599,0.07847377042714289,0.2569993233192436,0.08288628589847603
1.0,10.71199550723017,13.194799703755574,65.74508891960315,359.699892614556,0.07989976266316567,0.040426401215847965,0.019733848857303324,0.008643152819407902,0.162,0.06011687429352986,0.3119911505809313,0.9282458589901659,1.9028487591316499,20.219931888830743,0.0065837584787697325,0.010010189987392214,0.012662991528911685,0.007002145603104528,0.023537803121459998,0.0022336398474501165,11.378041693204436,17.097191555161146,71.23006776295277,410.90347884530706,0.10328311286438424,0.06207312613112619,0.06256709094352916,0.026245799897922438,0.24846277390923688,0.07036932362230965
1.0,14.747604003265002,17.384124600060144,94.6117851907108,674.2357889519901,0.07600976655848382,0.037741999126116754,0.010814897880057784,0.019509522079258056,0.1518569387610321,0.05525261386459551,0.4049578492701531,1.095,2.4964042763643373,37.94916793269368,0.006412491741588992,0.011078747713747653,0.0019083242543184316,0.006335410844921296,0.018502382269891347,0.0016579109062487187,16.727753341164387,21.50038354075736,105.8175386184955,862.0168111950902,0.10953513476754771,0.09143201875451937,0.019777685777041493,0.06391404249768395,0.2451001243052659,0.06585117983488993
1.0,11.94,16.07,76.37161946756069,431.96155184345474,0.08927455563657836,0.09128575758846069,0.04011492008627941,0.022412156827647113,0.16804020196846775,0.06365375956896038,0.2791289084933556,0.7388394404629968,2.076454780328454,18.229948621578526,0.009330415455279215,0.030470096785081783,0.022413042188085004,0.010518119683589218,0.0201946600358876,0.003057608970788176,13.094200722392104,18.24731161049158,85.51296451712301,512.5513229810157,0.12925879809127147,0.23345109990020865,0.14552834442658388,0.08208158593717385,0.2614984784665272,0.0814780121321951
0.0,19.584953296095136,16.674577671496138,130.16693198409897,1196.9570094223957,0.10841761777560102,0.2079274064490516,0.22408603488290657,0.10608872534012069,0.20837173319293315,0.061776088100767484,0.636174357458812,1.0015865388367584,4.848674020617746,81.31135332755129,0.007251034692606447,0.05978636982394877,0.0610490547911283,0.017913931535730912,0.020470685132921298,0.00456,23.14314966447058,19.241477296386094,155.59746891028993,1636.9395864503776,0.13809631536122463,0.4653535564554468,0.5780532505961358,0.1954205757296264,0.29637860878739186,0.0824010860667985
1.0,12.766983848952874,13.9,82.01669255800735,500.2979971732879,0.09586856855308827,0.08168716037164007,0.053726246811130376,0.02763907218601368,0.15897101118117926,0.05852562019677205,0.18445972946746297,0.7394795113671758,1.3481006196980552,13.865801036498594,0.006033639539840263,0.018147815580128786,0.024338383836890312,0.007890680630148937,0.015606274369032924,0.002398307206234594,13.35,19.51405861709414,86.92639951553997,547.6353160591444,0.13420887499931583,0.21186439817736658,0.2117861055097609,0.07928564414300909,0.25305320513869783,0.07627897930036019
1.0,12.018992327432928,19.8402652088172,76.17043602164179,442.18318864256986,0.09248657358495495,0.05310298027400909,0.005025057334835742,0.01402759396414564,0.17608917706849506,0.06467274946067697,0.21381896164722652,1.082087851935952,1.352660148934544,16.31674872579564,0.005489058001317709,0.010148894451257991,0.0034859890764585644,0.005123476846279912,0.018430215996838403,0.0019573615249244983,13.249831453878919,26.19803237490391,84.24361339792735,545.2695891725559,0.1283406867208155,0.10295068561524709,0.0134717635077402,0.04656430657557914,0.2938990471619803,0.07509307889366387
0.0,20.312159082106156,20.737345108237943,133.39407603344824,1262.6362973330865,0.09504200761922629,0.1316073136015496,0.15578375192758634,0.09681268747541497,0.20915441968446993,0.058783358710176356,0.8321665428731418,1.0779286453085484,5.010357399136702,106.28774495728237,0.006435265155298524,0.026804508418677583,0.03863994499707832,0.014622553604635942,0.02995518933498441,0.0033290847686640763,25.01008808811158,25.642118588676727,166.04632003418348,1872.826961719057,0.1302066623458399,0.292,0.31813605788301424,0.1679743616176085,0.3587424166040439,0.07632959616816952
0.0,15.222941951931546,17.50261832688347,102.3084902582724,715.8041940929147,0.09876971523101513,0.13139389141890143,0.14816284735772822,0.07951514592340737,0.21634038096403324,0.06225361666151771,0.34015291804903436,1.2781737801706656,2.9650954600568835,33.63141180863101,0.005763768555695163,0.03030634545372779,0.03884348073012203,0.014482820648810166,0.047556031452320506,0.004004319985224124,16.051616915390436,23.03097475182913,111.01145306704477,808.2118628153506,0.10775506394555776,0.20506759409897896,0.2802893444646738,0.1454378203380523,0.3167698670381338,0.07425857194330114
0.0,19.542214137330056,19.83,130.48741338580805,1206.7275858361243,0.09163375434773043,0.12989512531324135,0.14669043490576855,0.08504715207017993,0.19439854614604926,0.05663948603144884,0.8754368700840625,1.3319216546164947,5.551802733505895,102.5985106337363,0.005681827964518016,0.029128661792730316,0.046531339713126445,0.012906604387371031,0.014778955474504361,0.0034358534192654505,22.743431906881558,23.123569553239147,152.0733045326883,1623.0,0.11479261328332042,0.2933399027279891,0.3672590806857881,0.14839550451126146,0.28419394786450064,0.07620941947287051
0.0,15.06076969360471,27.042662642180655,100.20749436214153,711.4382486096752,0.10978437191095018,0.11816188249294815,0.13271678085714858,0.07019517873593202,0.18475030980737098,0.06020403538165958,0.39769437936850527,3.180785824286909,3.5839165305223952,36.60911305404648,0.01054935385459707,0.04954095293745285,0.04344813834414115,0.020415020186649382,0.029967215309443136,0.0054495627050041755,16.84678990254111,36.93766124723943,114.86732179675764,839.0569968021416,0.1561575582914336,0.22971353091493338,0.27034529320009615,0.1445008878343446,0.3019895801372683,0.07870566023493834
1.0,9.318712025633129,21.564566547553223,60.12181825235112,263.8265672847003,0.08674057415090301,0.08250096989196776,0.06248752472412509,0.020976836273516562,0.1924226507727007,0.06793151065681706,0.31082901486253306,2.8925002388343795,1.959,16.828136089015732,0.014458719494480927,0.028215443516658636,0.03313711637458777,0.012649504097353442,0.03283647243260394,0.005309950181223324,9.574467992537356,31.704254757432494,63.311450534946545,280.07826556449214,0.1363765259839195,0.16411691937808598,0.15051401279801285,0.06033467640807571,0.2866168707182108,0.08273006360373839
1.0,9.401540923485241,18.328702279704864,60.0887126791545,264.24734894840503,0.0885422370526473,0.11247081989832435,0.06370448596502237,0.024228069147465187,0.16689609085686472,0.07254331924622709,0.28001011570734735,2.0189128305738815,2.3252547738562193,15.467732223499826,0.01825496078895196,0.03874307336036552,0.031147391372699635,0.013391542805039704,0.02259881673032026,0.006821476220658835,9.918204915714453,24.44617390275731,65.30062166607183,284.4,0.1227,0.2049835583114372,0.16146518946622954,0.06883429742278005,0.21134701297159925,0.08749798490994251
0.0,17.68737937307518,15.3368757633731,119.40818809132017,947.9519966751836,0.1390242120214538,0.25988557814955965,0.255650670366714,0.12137344618386038,0.23211280119222652,0.08115528091044327,0.4744505830186401,0.666014487503863,4.005022591786196,59.10097473405947,0.0062422252255655165,0.0327714085144728,0.04489574805903506,0.014613078828773421,0.024461494626819687,0.005802497527509087,22.135863952458113,21.586453105148124,149.49091101742164,1428.7280041376148,0.17749188353398676,0.5387700952377842,0.6271553100906123,0.22511009278086386,0.4043585655622339,0.1363855572956545
1.0,14.05562642875757,19.388631232220337,90.3044938026317,602.6717922990554,0.10972719354569158,0.09345291361828383,0.03550215475016416,0.03252256581486872,0.1815,0.0565972332286258,0.2867899955404603,1.2165593722109356,2.1589039857914574,23.85344650495226,0.006716699790858819,0.01692309580652585,0.011399855831347245,0.008356387489775548,0.020084474102076907,0.00175784117307951,15.514887975415752,26.665916450115684,104.19439942291834,721.6283453048538,0.15136994577541266,0.23093720807007584,0.14492464167744767,0.09711090107425203,0.3040336784597035,0.06754242711754091
1.0,12.47,22.062896636094194,78.30581798158377,480.2057481372239,0.08027396224926926,0.03977219973937131,0.0029739332894919914,0.004277100720025859,0.1551,0.05593880316585389,0.22817481914892915,1.7536298359759712,1.7064308254277674,18.393717482121698,0.0033247817800469695,0.011795250988270898,0.010856502128661426,0.0052482212200569535,0.0165406255841003,0.002275539984464537,13.317954219913437,32.008570826701884,85.5442154149151,543.9188587283453,0.09228047370945122,0.0715125441868623,0.006743196356868787,0.0,0.22466399977689538,0.0663971381931694
1.0,14.619709184059499,13.209368365510082,94.80446477032342,641.6637382020022,0.09686344410115415,0.1019593430667341,0.10677127760273998,0.06920478876427441,0.16451424836093673,0.0621567247616053,0.1790744341557112,1.3365277647046312,1.2739792994280463,16.189535011697952,0.004850756046364628,0.03265821199114309,0.03893037482293246,0.015450073781541061,0.016159185953771,0.0034071246144768592,14.8,16.31938705284637,96.67257342042907,671.0889981566164,0.10234564833336093,0.21574913216368827,0.2591653640062413,0.11507235545879124,0.21490015721673797,0.07419111538792439
0.0,19.53,25.33150894337593,130.10935838843918,1210.88729315649,0.1026,0.1398999915980299,0.15868281370527004,0.09736085640072255,0.2128,0.0654005307020775,0.6635311077821731,1.1143802664723512,4.790126938104051,90.13817297931712,0.005225329243868811,0.019281174032156782,0.02024388573799562,0.013475096283956007,0.016913058523937433,0.0033231301904841117,25.593268091837416,34.49764324481523,175.84746490061286,2069.171146934691,0.16549809461504159,0.36033609017072626,0.3656630160062037,0.20554901509862464,0.36964807719976206,0.09948579536132765
1.0,6.981,20.417041425348987,43.79,143.5,0.09950272923215464,0.05627584667084338,0.0019567513814947347,0.0056472612503387105,0.2068996764092758,0.06717515315186526,0.21071441092970947,1.6854626541773394,1.204873632313851,9.565927165380266,0.012880349383824525,0.017105148685867162,0.01316686640811849,0.00654273105374078,0.027382178114716688,0.00340734651467313,7.93,25.58276974594648,50.41,185.2,0.13393419088749833,0.09582978559342971,0.007820558356754386,0.018159897022672265,0.31543735002451123,0.07627102320697966
0.0,20.1486844001573,19.49852039945083,132.72353927897257,1264.0,0.09998085553360443,0.11556733788718299,0.15925492870324692,0.08652161778174232,0.19062690485435818,0.05469705409943426,0.6642809227998313,1.8345218941580996,5.175526899828147,81.77928219164419,0.03113,0.037290850916923475,0.06810186763281932,0.018337864732995774,0.07073659783566776,0.00456,23.122570296791455,26.95155336069894,151.4726668958757,1622.8694754835483,0.1368,0.21179595079265603,0.35648265726008316,0.16259006174531665,0.3255639095554569,0.06625722672953503
0.0,19.53,17.26825285638966,123.93131832355104,1161.9340366225176,0.1068943991021543,0.1305830484720416,0.19766759639749654,0.10274958377722139,0.19296266620836292,0.06160661219732937,0.3971249192850987,0.4956,2.9832670195210746,58.42568773822136,0.006158389018521503,0.019092770697426945,0.03563666309133705,0.013128968323668258,0.02045,0.0036391026413445144,22.824102285755355,18.232614828547995,153.10060451805583,1647.8328669027846,0.14350215010006653,0.311920471967726,0.510991290908226,0.2026442870646539,0.3592903856999304,0.09828242090354218
0.0,25.70747312000467,25.712760285662885,174.04052922887615,1937.1125914996485,0.10235255292197341,0.1891513144286536,0.2540938666298688,0.125382766085551,0.21123031037571044,0.06130484191321765,0.9982897919642729,1.0752239237261558,6.117157817203633,156.24947773174833,0.006602455312186886,0.04308377018400618,0.06127825946059545,0.015468672265677814,0.045234153999495666,0.006182553183923597,30.71647888483027,33.86729782046848,203.3988111254183,2930.0040967866357,0.1401,0.4094661047170197,0.5043629981412479,0.19740072671616277,0.4084295810606331,0.0918781842613284
1.0,12.428211153860179,12.87282204337405,80.44876342563265,478.3914513467589,0.09605955213208707,0.0771292921541917,0.03731274931408132,0.027480593859559414,0.17898114887581063,0.06106880721122409,0.28103408914306455,0.6772621913451417,2.060455723830367,20.741712354758636,0.00671254606221135,0.012596094832945388,0.013662970770983458,0.009535443431325032,0.022445536495858294,0.0023810864498008464,13.576742273468145,15.679427216758231,88.1180382109244,551.2625581122987,0.1289,0.1589633273177852,0.13616900557252315,0.0912245512937072,0.277168306218655,0.07263893195702718
0.0,18.5436136351128,18.98075911967973,123.72130194902172,1076.0,0.11364043550070661,0.19352781720159798,0.20621418644117587,0.10650475587605868,0.1895371543264059,0.0623768454471027,0.4388196665234583,1.3313542088953891,3.0785228268596394,53.14016244132582,0.009607301406258218,0.05323084534503135,0.03697840867662502,0.016260397335719445,0.02207231118077722,0.008620186758420644,23.23294651445367,27.218596907834684,157.78748677539025,1625.992956475605,0.1876439557231552,0.5089936186191831,0.44067662042372857,0.23863849787253896,0.32190900512738957,0.11513713839816261
0.0,15.46,28.051216598996646,103.24584399016014,717.012759459589,0.10418850776463252,0.1808825272936567,0.18791009728080157,0.09430360574932099,0.21026027587456084,0.07069747892301614,0.2661535225348799,0.8560781184930488,1.9101694407663352,24.262628738224457,0.006113209038512789,0.0374431425252138,0.03456732438041487,0.011411073854106875,0.020462406268122343,0.0045782040999636404,18.78171272943327,36.719325592830515,126.40427360703815,986.184244407931,0.16404739615426936,0.6617096717310443,0.6148177135783158,0.2474842247788708,0.49280626707804825,0.14004873030901188
1.0,14.90557236708953,13.98,96.60106464106543,678.1952746934851,0.09087,0.07700009179690527,0.08009200298182452,0.04326874479419259,0.14640925907804392,0.0589713914231359,0.24436855372117627,0.4958035846245504,1.5216419935562637,23.78915054621948,0.0042422582842903045,0.012245004356572307,0.030433849160863707,0.009622374329389595,0.012149487633749697,0.0026707474418199333,17.332871211554842,20.450512355732045,114.19709760579039,887.9016371525477,0.13763142041345103,0.20692005596801472,0.34824814537539767,0.1205,0.258358054082219,0.08411727095129055
0.0,15.30531051572732,22.024422892667356,103.21302352184703,718.3247370772884,0.09432312703037003,0.18734550472637734,0.1924218553754088,0.08867842271192938,0.2093807177105132,0.06906950054837432,0.5304426481797321,1.3317784640591417,4.29206331838861,51.905995023878575,0.005544165247843956,0.053116606211506844,0.0572509041547035,0.012198538416229414,0.02196320105322851,0.005209456602725438,19.1382376143135,30.88,136.27008785198745,1095.1936115289636,0.1407021689640345,0.6873736245535977,0.6815279762291799,0.1563536569778485,0.3479082753759417,0.10644405336041171
0.0,18.235163845070883,19.978963746826405,121.33377119477066,1055.5640990322152,0.11719282464789892,0.18763068598855004,0.1779988117573808,0.09769814379479656,0.23970914079313846,0.06760708704040683,0.6708850477519848,1.2678072199455053,5.4152603240078045,81.44578244091612,0.005762727833818998,0.03355011920389816,0.033680654854338035,0.011912985754366114,0.021038649287196117,0.004445476954019639,22.261007261098914,29.62737897519634,152.5356714258277,1589.9476634052749,0.15035098404299488,0.41226583522892973,0.4139246958074005,0.17940946303344069,0.369527300578793,0.09781563805088274
0.0,13.763055054385749,11.03231000062886,90.6548886778454,578.2521265906653,0.117,0.16844509651315973,0.16974737172245632,0.0886791389355731,0.22180954442590112,0.06127040433313624,0.4747794364941929,1.0168224703901787,2.765,39.0859310521407,0.0060595554017428555,0.03327614917315983,0.03912926252597536,0.014710412271250833,0.030218473333643473,0.0029626274384875074,16.221006644074517,18.954904602377756,106.11661392234683,782.4168424003294,0.14899714457589128,0.3514237435279581,0.40752606499850036,0.17717932648088558,0.369983958534598,0.07918725777635789
0.0,20.563677808098095,18.90031384054484,134.57806925123666,1293.5162927835413,0.09507016003538565,0.15815619610009476,0.16557000158673796,0.0962603590503605,0.21210211112323,0.06068156924227419,0.47203945879292747,0.6666091231956331,3.199434038114538,68.0347060428373,0.004239412166180019,0.021485913933560915,0.024885898033354416,0.010637182969145727,0.015067442856260986,0.0030514901034773847,28.10936329043397,27.66,205.70534984652232,2410.9399540595646,0.1662065548937865,0.5954460948565441,0.6358872254776065,0.25293797688462066,0.4722588099988313,0.11828550754889315
1.0,13.110394083659433,21.697456241409004,83.18812601681265,529.5548331419955,0.08725809143052571,0.07832751912653682,0.021426341630979746,0.015815997041762418,0.16809742632720454,0.06183016203217743,0.18170331772027215,0.7942557198043576,1.3622855452289577,14.46645031861599,0.0035424359785182023,0.013703395251123632,0.01529343157567789,0.005281532018155398,0.01799108485865068,0.0021555046949103675,14.178799472628228,27.05752927736192,91.08541310354279,611.9140787045225,0.10648346011123434,0.16321999058798758,0.08504756590007906,0.04761298511576308,0.2827,0.07675834927800834
1.0,12.943379989876561,21.260009234871777,82.50136211530332,516.2757654778724,0.09242754901589754,0.05705795368578458,0.030635514339610523,0.022757925862634327,0.1484380806723348,0.05670191179067445,0.35357001048692066,1.7410676502285214,2.1060615647761716,30.561781218261853,0.007207667545627116,0.0067980532998797956,0.012557381990232465,0.009497324338853873,0.016385204097522994,0.002320438003352383,14.239760581502221,26.38030687710311,87.84335417459889,633.4578921362428,0.114,0.0632943966071433,0.053037346805183114,0.05362414631338328,0.1906374651209501,0.06471472218413994
1.0,12.76,18.171074753374416,81.35,493.9069350933066,0.09756376270939895,0.10680299949754407,0.059061882265619356,0.03264429964853077,0.17146057655829658,0.06344112524228908,0.27956892457048393,0.7326550536768268,1.8886528815218147,20.45303752668368,0.006545471516027438,0.0210215646378561,0.021763983976833177,0.011510932775283058,0.016770783306354477,0.002578359948125992,13.979719176528164,21.998487805293085,89.11534909208068,606.7575312303719,0.13485472893561165,0.2470840147785352,0.2435362793130692,0.09124373181762926,0.2694,0.07675912270487946
1.0,10.8,17.00812645645228,68.66864786718544,361.6207190974419,0.08511,0.06747305446585877,0.025633281930498148,0.014797843878844504,0.1539,0.06183989393729831,0.3142049567416352,0.9066131561373566,3.1490570492150334,19.275319063217758,0.005435516854767355,0.032786984559298786,0.015130030231550295,0.008722022171142018,0.017237533683455764,0.0034351542694908734,12.529430455769212,22.95089654301036,83.75700384138726,495.4301625702231,0.11153102586679592,0.22629532758507986,0.1297013813461214,0.06522750144824355,0.2458753274175971,0.08280752029728192
0.0,13.814605106272936,18.80360460573245,91.31292246598107,614.1114289063551,0.10219598682358794,0.10271117709337642,0.09310922940214764,0.05841368234619969,0.17520324876824897,0.058915000027799334,0.7467610451772381,0.9074015752835887,4.493032037399812,74.91646103503356,0.008263526107204475,0.023272779398728148,0.02894763220559075,0.01627930033976746,0.01703079853316883,0.0030056681434890683,16.843004180738752,21.443620665477376,108.711634254473,846.2832901682498,0.1440770903588222,0.19385571767601342,0.22164608213661305,0.11835611743089491,0.27148758375594323,0.06725182000709251
1.0,13.379928503056378,17.93834771271691,85.6929846772269,554.8894130895605,0.08044383727940245,0.05515349655539484,0.05310368727422548,0.02369,0.1462734244878345,0.05766715309966296,0.21439574023692487,1.499837915264022,1.3029555971441396,17.83107232436006,0.005319347110197329,0.010989054836256468,0.023203768136538818,0.0067272837639243315,0.014805621216799241,0.0035964301151446628,14.8,27.28127649737532,94.11373650268422,683.0820217406992,0.1223,0.16507767499774606,0.23949099386640418,0.08295945737315404,0.2614589541403056,0.08847004333238362
0.0,19.576055636352464,22.577155503596327,126.84074487562202,1206.489482492611,0.09144865707837536,0.07104901817512281,0.09270764781852053,0.07363311171406463,0.1308,0.05030064922833755,0.6290399294995799,0.919648595878593,3.8027359309216355,90.47501930311039,0.0075502956786400845,0.015556863931109912,0.02929194315563992,0.011841884692334121,0.012983103083350753,0.0028877086949108156,23.160381992886922,28.0989815268596,146.58821249229075,1667.3026755753033,0.12743852202305544,0.15153587476176203,0.2527241796067426,0.10470211027383518,0.1565,0.06338337786786141
1.0,12.13562769396432,18.188527294569365,78.11242380817009,451.0590123546898,0.09514505704993323,0.0794358031575501,0.031117550160768306,0.02944398172948441,0.15060664071105587,0.06569862148245176,0.18533977306086663,0.9137660976008543,1.5548830201567432,13.106030795810026,0.012663948559690469,0.021004409583087854,0.012261653729194452,0.01120717642852059,0.019398018675463174,0.004653702098381084,13.002811611647582,19.623177911234666,86.46950294752962,510.4339263670023,0.1375145121757009,0.18397142975069877,0.1090043563403777,0.09311838299567288,0.2582258387871791,0.08470635712816711
1.0,11.52573867890874,17.46,74.91417460877028,400.9661342469193,0.09879826259900244,0.06238160466194601,0.03325485837223358,0.017995565723552903,0.17809780012143075,0.06306602209527883,0.23805141374155633,2.705269637994894,1.4767287918524448,15.527874589106373,0.008538404701649998,0.01290876294155622,0.01682046749727876,0.009057300054533353,0.023086858182652166,0.003003566825605372,11.750594626631576,26.222216891130017,76.25059319740981,391.04214912458707,0.1347,0.12368255500893073,0.09038121409823213,0.05271691956813876,0.27790725829018437,0.07311709159491596
0.0,19.192911294015264,20.55501729545655,129.14076959993642,1161.5351256985828,0.0905616655431029,0.1558162302690224,0.14835627110436275,0.07396451436772875,0.1886346059636282,0.05541584061073804,0.600658458754463,1.1660170880747056,4.887317999390004,67.71827464612873,0.007159550521233445,0.04013879893724877,0.06003657605601036,0.026087054413627582,0.017877422351522756,0.003041123546848936,20.96,27.66,151.77367253139172,1308.325580741389,0.1401,0.42568050164104304,0.5910493599989882,0.20251517959087476,0.30722125499917,0.07907000660448368
1.0,12.467633843506505,17.955025216013528,81.3180163934204,481.4378541499418,0.10701561748526683,0.11409016998994559,0.10646494011253874,0.04530614753862682,0.1769070020200758,0.06445742648203802,0.39912187702335966,0.8717364268953923,3.202918156966548,26.389893123370722,0.008774973138772698,0.03112579093739789,0.08046954202286348,0.012576552727061503,0.0192232545923878,0.0031067071168370693,14.288252307280356,23.637621429009247,94.14711562427588,602.8872818786712,0.16997825083687848,0.2898943774504576,0.37509901327579354,0.10983054042334335,0.31531000873643233,0.08753580919220832
1.0,12.801237964325125,16.28975668974746,82.52965607025864,507.8045019253458,0.08926510981903797,0.08135364712822797,0.08177443736566462,0.03471381911350502,0.19645564110985325,0.05913,0.34355510264703176,1.1978087549006913,2.5645397925784676,24.95672967982544,0.0067255755273344115,0.026748607670232256,0.030417280325480113,0.010094580046631302,0.02269488541663553,0.002634079400863538,14.19,20.96145820482446,92.35924061838847,606.548937722701,0.12071710976688767,0.24583790203328343,0.3113658800119723,0.09639411919600242,0.3151784974271612,0.07472131958589492
1.0,16.16499774852688,12.920188129468805,105.15812158631847,799.5303662394342,0.08353262842874667,0.09236160452991575,0.08066543068548551,0.05073487530798514,0.14640777156691684,0.05638274236298724,0.22338419347693234,0.4008493004630108,1.5696105679757177,20.74,0.0028484233458918725,0.015010154337596802,0.02208339600608183,0.008631901580609494,0.013444297291791002,0.0010915184308998098,17.43255546724552,17.016614253385246,114.20571680226941,922.1625495801046,0.09619790692851007,0.19735612651997442,0.20197680398392343,0.08608171602770198,0.25388246226014183,0.06770419401375308
1.0,11.495223363162726,17.5579879555358,74.56351898866758,389.7167735622151,0.10994491871220315,0.16942062295747623,0.06854533778921225,0.037218081256469776,0.245485984444523,0.07305514546988057,0.40898621570495236,1.9058226766084954,2.8517754216181657,26.39862613260376,0.006471639758289088,0.04013018383175778,0.028038264057066227,0.015732503309373633,0.03387922187515043,0.0052990186411253455,13.061781317789508,23.31949746659737,83.68474310325382,495.34547063450515,0.1347,0.30923931762686613,0.23127757195137033,0.09979222566471843,0.33708491374741945,0.09108802782274203
1.0,8.64530722776493,16.21,57.99720270008245,225.4955457782407,0.11490164296121703,0.10153561102630937,0.10091233148095928,0.029482331038665082,0.18848522495108105,0.07297527925515396,0.33475582356326594,1.3616806848867513,2.205762503637684,17.85,0.012481148524907587,0.02816915622555099,0.056924402865164016,0.014990290487184383,0.03224092880535945,0.004907969932631872,9.662793172130039,19.026192311353736,64.99291831350301,275.24537170931825,0.14992407244105582,0.1730938694356363,0.2603746547549846,0.06949505020155285,0.27095377104824936,0.08271489383132244
1.0,16.16795824353895,24.1596328161507,104.17331436612707,830.7133712471705,0.06251,0.04706187542544488,0.03323018316120864,0.02599161914464519,0.17226708912119035,0.05238662290114287,0.29287953321280263,1.4750387505374294,1.778,32.87355455195601,0.005997685528960036,0.018279807795061397,0.017085339030136357,0.010470285227946421,0.015704384618134438,0.002783547984018397,17.923702757611473,33.420948016784095,114.25894197911077,995.2502711732686,0.09451233105141196,0.14676475215749438,0.13606207630985556,0.10003059244334385,0.28502007547313873,0.06793340652196518
0.0,15.99138971299829,21.975507151874464,107.01088331013409,750.235170963496,0.1049,0.13885115635642895,0.20361632625045822,0.09429815158730943,0.18902030792845176,0.06301816599936572,0.39075888364390715,0.9202506524213458,2.5637822736282216,33.20180811025579,0.009461305667044251,0.0379886405387305,0.061329985613910364,0.018303786178007736,0.038960093173550384,0.004296087024452011,17.3494769447869,26.417796822727542,121.62363046901457,862.2685331092688,0.1434412970999685,0.36398525546315336,0.5030781024252661,0.18666664008917275,0.3543020764404534,0.08331567830312896
1.0,12.49112750896305,17.717017575226247,81.04789907048095,488.5974227222868,0.09036636433114652,0.0717964736952735,0.05892,0.030297365426240678,0.19369443800164662,0.0601174806271639,0.2742422906130719,0.9982730013097231,1.5687261675761186,19.99454558552888,0.006507566223123687,0.018737838278306853,0.03039381863216687,0.010067334789198003,0.019806628630201873,0.003528610298210408,13.35,22.090603788960856,86.19930909386242,553.6059514406735,0.1203318583731634,0.16211207770573724,0.1928895856218782,0.07534899558315813,0.27802890063026625,0.07830646738136904
1.0,9.882147870939715,21.882565788629577,64.54904035787979,312.3775945323875,0.07733763440897239,0.051627932761882454,0.045891927035975166,0.01563649973399163,0.16733739341968745,0.0574796760289835,0.2870812793982357,2.1906378995771867,2.222163189789728,19.23232222185088,0.009703455719053632,0.027923527270941467,0.039203738533992526,0.013349849932286082,0.031309538093594755,0.002445794323971995,11.051189248263288,27.963118892994107,71.11366394604191,366.51969768802223,0.10222039635197315,0.12804665460871187,0.16192649442143212,0.051485117709208474,0.24064782295223042,0.06312627218950968
0.0,22.88273761951716,15.648315583941194,147.23209107661532,1527.042421610097,0.10369704021842796,0.16656091024196404,0.21780943081345236,0.160395731390291,0.2111732779876403,0.05545513734407211,1.1455383612231818,1.187380513618794,8.2663463080175,157.11230258035877,0.005194482953348216,0.03372436362651721,0.038748023738000466,0.0332555898418829,0.02014359328809612,0.0037552786855530548,29.980081776260775,22.35478578951133,195.47768563579768,2634.658675299141,0.11673633496371559,0.34176349105414344,0.421800034161239,0.26624999775624025,0.30746006240821716,0.06969799170330136
1.0,12.025978950839303,18.32,76.88401766295064,441.54126974954255,0.08275855759582919,0.058636972467463654,0.005042446171273231,0.007819891584984903,0.17177655103023923,0.06346774151633601,0.3400930444440025,1.2138200139425017,2.08964625784434,21.969901466861245,0.00933790519661953,0.01662608209929538,0.005881693807684309,0.0052484445456233994,0.035046246674812764,0.002917628035397023,12.579259303467264,20.201903654794737,81.23974199651265,474.18427681404165,0.10052927678208702,0.08842754433716433,0.0098888467470244,0.016924805005265435,0.2767949697981674,0.06922738019599903
0.0,18.04377506146105,19.741541999868232,117.88618564691973,1006.1042979698722,0.11716359057053344,0.1555943735633439,0.1974,0.10337678567325975,0.1953,0.06088577962731516,0.6202318368823972,1.0255767972213148,4.3086679953544,69.05631108342179,0.007965191796193274,0.03698072025612321,0.0390986901114144,0.016244791485750535,0.021976387531449797,0.004307624421716846,22.25,24.662356956958966,150.53879702132977,1573.8282109495942,0.1628911537739207,0.3729597873650782,0.436222389486609,0.22098942657918588,0.3008479675085772,0.08350562009303107
0.0,17.271745773799132,22.795564919207102,117.50437059022786,952.1696797119979,0.14301892609511255,0.3390257254050896,0.34017390012134113,0.14968818375394527,0.2913967650783279,0.08130831008704514,0.8318843809686803,1.1960363796631581,5.543348198774556,107.11551204546038,0.03113,0.08493096194663341,0.132926735506946,0.019814060337273055,0.021749589729643984,0.008851865731692941,22.86109795355888,28.066163314040924,152.73870318228634,1627.8520372236192,0.1909,1.0000765181595053,0.9864093855898655,0.22478179959847042,0.4198768055802295,0.13631349942734458
1.0,15.010223686777952,13.13857803590965,97.71625875565947,691.3608644841521,0.08242270569489771,0.045187764420818274,0.007674327964948855,0.023303953648487554,0.1539,0.05392714692341863,0.2191471116038869,0.5736379009007645,1.4014282847752395,21.300629529642713,0.004831576543217568,0.003401019348283549,0.0008542215719582131,0.005266526252151501,0.014054932941285153,0.0009835733256751314,16.496991740146274,17.860741632995293,109.12135208903851,830.5805070065717,0.11154688385654038,0.06476133471619179,0.0187237797899483,0.0605409012660636,0.2533041710384793,0.060257911899659095
1.0,8.597806106924557,23.936384060492745,54.43422525286145,224.10299740326326,0.08517861308281208,0.05892140212345084,0.03110193120808974,0.009923153265595591,0.1840463126586785,0.06399317269536524,0.2643040892410514,1.9062458955071,1.7055675106192765,15.886546859423051,0.010239006792628834,0.023112882252665272,0.02336784417783588,0.00912374951714487,0.02383341327738589,0.004321791269135522,9.503598068368767,29.105342315524908,62.36218038992345,275.32137421223405,0.12534778018254458,0.14204673779416543,0.11113307361810204,0.05536110876436784,0.2662806248741804,0.08132589943346916
0.0,15.354625947094624,16.240220760962778,100.22611812346803,730.5110835887399,0.09713139046793377,0.07174228626738866,0.09815412220924051,0.06567461426500121,0.16109213279592924,0.05631358144082632,0.39470885597429295,0.9145482059806814,2.394209086147595,40.34828986984135,0.005481191685348008,0.010004439370540925,0.019513758724333558,0.009222,0.012796485066410753,0.002102350726059583,19.168878403068362,26.736156365387913,120.342544534442,1093.2269616101785,0.13958483925214377,0.15183789689140978,0.2680919140452471,0.139551157990707,0.2809615209098424,0.0786601218812208
0.0,17.301237051995543,20.313995382306075,118.77710866694379,929.1908428200882,0.10849119629426186,0.21358248214031886,0.24649936926751506,0.1248971333672175,0.21627397245963167,0.06895196717657129,0.4388274904288441,1.267118428216893,4.003660284505251,49.73994466761572,0.006611996129317825,0.061974315353261845,0.06352619705790473,0.01971453960238339,0.04516533842766846,0.005124384274976117,20.892959889811205,27.66,148.21170563597306,1286.5362227393646,0.14811792920082933,0.5996903917868622,0.6468272841612084,0.2475,0.4019802492868089,0.10237689396037486
1.0,13.222409622797088,15.80640734752384,85.2041943852662,539.9667006618957,0.09245284184332693,0.0772499506524694,0.08006965523349477,0.0359297521506156,0.13544666122624074,0.05966184516934593,0.2553936382884149,0.49848662324414417,1.778,20.8283527735509,0.0064715227096079206,0.012319873032573092,0.026022111796941597,0.009061490947358782,0.01926409575768581,0.0022167166531276684,14.684008110381379,17.1705785084599,96.06220326841276,670.1818536009514,0.12337701360466097,0.16261385314788998,0.2436254570374139,0.0828858027376828,0.23589075948773644,0.07012954721123778
1.0,13.366156727447233,18.3362446614715,86.11942282333426,541.0917351703363,0.09638330342276057,0.07170460618139023,0.039415226365163716,0.032557925836785975,0.20330347318225125,0.058971869392017665,0.3504502187025844,1.6568682061620403,2.0836492336761867,27.429943789948336,0.005899651599998612,0.019768624051503144,0.01747484016488916,0.012877057504950062,0.026338265544523416,0.004855776596066578,14.709236303793855,25.267120499291817,94.49176673619472,670.1334471669295,0.1223,0.17210855038561468,0.13061524757507822,0.07868870314266792,0.3195597326889031,0.07837797998238162
1.0,10.766171270324477,16.82933276802481,68.89773958013345,350.0105135552183,0.10754315720526408,0.10928957530451111,0.06382496190462462,0.031904536179433785,0.17173069305978106,0.06559701180845039,0.24074968994569843,1.892780896308262,1.786714510900098,16.20379607314132,0.01031865998929597,0.026583024015978927,0.03232688820351847,0.01350018594485599,0.021202677545687103,0.004073705547476712,11.800639087240608,23.19,76.52686716338809,426.9869383860426,0.13675145955625764,0.1886766107032626,0.15640710158477875,0.09166124598548647,0.24647793669191553,0.08116559715175366
0.0,21.35230486384613,23.958940777602795,145.57997778259278,1401.814755372107,0.11616105105099699,0.18499978904110267,0.2195867986503119,0.1424904696525579,0.20282786843472547,0.06670993940481672,0.9395516432229739,2.2299715920439893,7.145996892962003,120.50585335648232,0.008076408519962039,0.02642168281866975,0.03719564861128514,0.014368277958718341,0.02296989054758869,0.0061159131375287884,26.72221412855102,32.72464056955416,180.11703343314622,2136.966422851593,0.14376268223147332,0.2260281367697252,0.3455967681368137,0.1625,0.2553379628089428,0.09073031801334874
0.0,21.09063270160679,23.947299723966964,138.02627205740123,1404.9250858224814,0.11088908260826713,0.17683522499377016,0.256336895952138,0.15034712452158844,0.18476944021037597,0.06310229901396466,0.9816859153419841,1.150148864356813,7.378634912430733,132.67754104159965,0.00620794088624733,0.033215720118979955,0.04826962813998132,0.01789816440851846,0.01769773945054434,0.004195533886525458,27.432187756722996,28.163405531679864,189.891736192398,2262.2508183694863,0.14422947670539926,0.3734677788497637,0.5367735814314426,0.24223954549187723,0.2963683760491924,0.08198539712102837
1.0,9.876,16.331162673905688,66.65048560102889,289.06658351388694,0.15350620417378882,0.18230298770773745,0.08606780337707945,0.033485484920920426,0.2595,0.09575,0.25162757527004315,1.1500098543823287,1.6457129050475154,13.08223633190238,0.008757946902010066,0.0308680854925699,0.02821167217735195,0.009165184735449352,0.024761221316239174,0.00643006577458117,11.531290460051666,25.773774572156253,76.60650321048084,384.9320153060242,0.2006,0.43635081816303395,0.3313706254490626,0.10994765510583653,0.4128,0.1486
0.0,15.661236864338434,14.697308284795604,103.7,764.2316589440413,0.1016662512687899,0.13127309652261318,0.14778328043119873,0.09191105038163923,0.20527579675128396,0.060656477431913366,0.7575230125789002,1.1688028835185562,4.5392851103767,95.731000037554,0.006775951332098123,0.03737075700644095,0.04658225757931177,0.01749050720394555,0.01703141940249827,0.004296764944284416,20.92837309355297,20.097436956322916,138.488921245825,1487.4193951425,0.13973207837409465,0.3961869620462689,0.4107256108281504,0.19690987996915502,0.3219136450628709,0.08455779853151668
0.0,23.752140760678348,20.11297191099199,155.54278035998692,1680.4942762514129,0.11671396161106973,0.22596786107504657,0.25621398584891447,0.17854401619955798,0.20625216017330522,0.06618273282832426,1.2916523566704012,1.330320930091388,7.230970405037185,198.93088171492906,0.008089780732584526,0.03214203301963039,0.05180169124743747,0.018533513129248422,0.015478380034732387,0.0047510697055173886,28.100267594512506,27.361961016704313,180.48317536739202,2498.2937362889047,0.1432720045612024,0.3853478155553448,0.5185700012822982,0.2475,0.2651739444375495,0.08822235517664603
1.0,9.746540641772018,18.22,62.1616666252255,299.7336413183415,0.0775545391314698,0.054743473953173485,0.048920985685357736,0.017806963604829886,0.1739,0.056963330751792475,0.2586641489342351,1.336,1.8079507939793336,19.7806632921459,0.008780427382982646,0.02457581557048497,0.038705509171139754,0.008901959729889325,0.020191767125801185,0.0027388715377822653,11.133333849411422,25.218135386015746,72.5011884005631,411.9977756976195,0.1218,0.16211484110166008,0.181073693112526,0.07910841247429513,0.2982961453969726,0.07271531274854048
1.0,12.467557065548197,20.165595372346502,78.19633577252456,477.3,0.08309606261337911,0.03708132599654725,0.00371708451592151,0.005445673917713567,0.16946483566653875,0.05544,0.2142216829145909,1.35,1.429,17.299220881304738,0.010131382792550563,0.005805517087682777,0.0071083249170604546,0.005315632563557488,0.018796777176234427,0.001460911528693775,13.318306806058754,25.539444464503806,85.57121456997089,529.7662776559638,0.12331781972181668,0.04444378050343365,0.0020772705930875517,0.020043997058238762,0.24716650688889225,0.05844172913223869
0.0,19.291067828007296,13.907262109832955,123.7,1158.4177624853587,0.13127564989442564,0.16435833657770227,0.21673337325979342,0.1470939711708218,0.17197450716860538,0.06648664630158117,1.1695087197779421,1.022429086384572,6.120440102242873,117.81251278558695,0.007114238778379961,0.022252534537005222,0.035566784565317956,0.01596864359863083,0.014584054811994747,0.004570596088652558,25.038014463710176,18.919176581347312,159.76796092385067,1872.9005107113755,0.16752993592303694,0.30960197011136936,0.42466317698348766,0.223894091690867,0.2367478479622547,0.09609601267752585
1.0,13.46,22.598496901641905,86.6174358416415,561.9921918119791,0.08363792583890962,0.05306594329700947,0.03888169331620672,0.024170890668630245,0.15025229770113402,0.06018160775275918,0.1413750289969802,1.2382509708007294,1.113382943803093,11.709458436557656,0.005218086842023692,0.012498602119316618,0.022573897167492984,0.007023194129749627,0.016543383250658374,0.0026270254587514794,14.676158258471661,32.72828075287985,97.23186449097972,662.1209134935051,0.12159101452477415,0.1632755711350208,0.18692728114116056,0.08227878042309036,0.2817118836376724,0.07806759643978582
0.0,16.256768198081673,14.893497204596667,106.14856227011016,816.779289815637,0.10657860811475839,0.10422271880772577,0.12228915392821657,0.07637898279104423,0.15108520746718193,0.0624601621217312,0.28338325818121973,0.9197610285456862,2.068613159722216,29.819979661860827,0.005054507743047294,0.02452657678967626,0.030595387884702983,0.012294852355119677,0.013712017957596953,0.0037271840794068684,19.357535759677386,24.400192744309475,126.38260312273658,1201.069996543832,0.14361851014853208,0.2818358182204574,0.35923043790536363,0.1711105031830768,0.24605746911893805,0.09186321108869394
0.0,18.331926401241333,26.784754292272787,118.99411621681959,1089.1942961750794,0.07371,0.06342304851051798,0.05362187236975249,0.04531633027881335,0.1575644843735057,0.05064634751111639,0.5524367167936297,1.051757900961178,4.559637622508235,54.032084967233956,0.008553651169629339,0.014996538340226264,0.024885351498909036,0.015797224796815466,0.0159234063057817,0.0017239799599718985,22.947174593118618,35.106861745260304,157.868184390186,1656.8401639968408,0.13759286281814023,0.23225771637479256,0.28305650464461174,0.16095163356304726,0.30024020941892654,0.06570008153719359
0.0,17.31327304944952,17.594171858668084,111.05379943321246,929.9829250850225,0.10493395136666075,0.11414220395501574,0.11224714229704816,0.07665084873342484,0.1808736961707485,0.062713644097464,0.28490484422599766,0.7812917945314044,1.843526127561004,27.121414168321007,0.0034782775567060676,0.012089865169504947,0.01830255307072507,0.005297,0.011038406937255035,0.001966450665325999,22.25,28.562763725879883,132.87907451137326,1416.5673904084554,0.16403843664023268,0.30982145649026127,0.3927494678628652,0.1613,0.31518256550016144,0.09757489565668621
1.0,11.223509826906557,18.323642970161075,72.89223732433304,378.248419702212,0.10915808919499383,0.11789136548992235,0.09652038170266905,0.035446988861333587,0.18027921049333495,0.067943423724088,0.44322398551520187,1.3367855272996851,3.275961034789456,29.437955139699117,0.008038109790159387,0.02335368165285962,0.047877470600946916,0.01191093963327448,0.03132938020769773,0.00571316979741959,13.289266086945354,25.752498712961625,86.97758174066324,542.1151804288027,0.15585584291937804,0.25486573097777854,0.33874419204609846,0.11709033521062144,0.349156415530826,0.10129610895212886
1.0,12.18,18.175640744998596,78.19648167518189,460.7252209581324,0.0879331384584802,0.08499167982725939,0.06006061081330862,0.02400188795858135,0.16380966589393633,0.06565985371459067,0.27182329025079877,1.1275961748315129,2.0770304827388952,19.56106749099309,0.00420665805204403,0.02405683790505397,0.02587323823511888,0.010375238476218398,0.026302082632424065,0.005235769601580505,13.459934017556323,25.030094740532945,87.81266551079221,550.8998857698668,0.114,0.24293215477538666,0.182113698597857,0.0912301883538116,0.3063554081817117,0.09273666572405813
0.0,17.209423233222246,22.001767373944492,115.16207654607045,935.0359912493021,0.11955669209730951,0.16915732490403887,0.21582242708800406,0.11018201566201195,0.18832153573038962,0.07267899889607883,0.5805925168669728,1.0746508387333749,3.404340004950154,67.0108948603133,0.007561405788617246,0.02557898109778044,0.04938595944290769,0.013014938627798582,0.014175036340234013,0.003739330281989527,22.616292383900443,29.623140116890294,149.2612937696477,1543.2065013344347,0.171289714268632,0.40987979245144696,0.599624384954555,0.1841,0.2941698848707964,0.09872170155433203
1.0,12.227932204666974,19.345720075187515,78.2891869928082,459.18006334964036,0.10966987268441997,0.0667823634245036,0.013683810182079684,0.02377,0.19113933047581047,0.062482657072532685,0.34433210789540514,1.3503209601965214,2.560199581110751,26.01964451967713,0.006528530506890349,0.008082289136118564,0.007020165316051925,0.007846071014748542,0.020257430697708835,0.003248514920639646,13.75,26.81095410252156,89.1479418388204,584.8664319366185,0.1341806206324486,0.08861315521831709,0.03989089962305815,0.06952630752454853,0.2824243066435008,0.07725449306423039
1.0,12.906980081754389,15.653318293697755,84.48737930611473,512.0792894288637,0.107679870386377,0.09769184700472842,0.05075191919281695,0.03782938567388782,0.1807789500254863,0.06903625026473799,0.26098757774533854,0.6719645311498333,1.53446312596296,18.612754599632453,0.005252593038310007,0.011335653417386076,0.014512198183107124,0.008286814177531097,0.016129774825033718,0.0020014521441410146,14.233232658948674,19.581172053574456,93.19307280527867,607.7545175599215,0.1379690470902182,0.17348458034098843,0.18103972808990834,0.09290028172737809,0.2777575842510566,0.07806596992908901
0.0,18.060943232846768,21.59,117.32141306990604,1006.3571988609809,0.09055823300774193,0.09917852899643544,0.10775014655700836,0.07021094320856792,0.1953,0.0551122618325905,0.5927130140987691,1.3147443752356374,4.4416479309309045,65.40775832587896,0.007762966612842156,0.022087902006687813,0.03382082478530667,0.01843,0.01961,0.0026695621854450607,20.96,27.66,134.5347358022155,1428.6467030994045,0.14116298687740694,0.251835391286243,0.3360592627780461,0.17035788621555306,0.3304961259065817,0.07911661172187748
0.0,19.17875353230056,19.633670209335047,130.56592630786525,1133.4021044170197,0.11064280055790128,0.24882809608185924,0.25179099358853635,0.1471,0.23782513540896555,0.07072671211450246,0.8339396487755392,1.3281836727897511,7.582457932382037,104.80871045304835,0.00839326907635125,0.09623663638694496,0.06805496108502024,0.03007942960288986,0.056138070195490844,0.009534378000700934,22.883780057359324,25.276083823252716,160.61180912201684,1556.5168113628179,0.14758590366144972,0.5954938675431881,0.557736425320265,0.25423761084727436,0.3900311538795087,0.0994199524084528
1.0,8.649971805683602,18.9,57.40740898034623,228.99274013328062,0.11512324163573127,0.1483,0.09649322296536378,0.038624343142655754,0.19617000635763596,0.07882265428003467,0.3606254293574526,2.019690870980565,2.6011815503886777,20.57642479345787,0.02177,0.06710973558497116,0.09757218137154137,0.026005315865586295,0.03374963365415439,0.016858521494407384,9.509594572158147,24.756755232761098,63.313351018263944,274.2800236557639,0.15820385223105807,0.3017293067164331,0.2773862058800305,0.10701326069253776,0.29321100849371207,0.10333017746006383
1.0,12.18,10.820301585909402,77.79390054591482,458.0989141730894,0.08508794731152021,0.07271785524889744,0.030846113337416593,0.01114129527673557,0.18462446482173406,0.06638362601689914,0.2398033416160057,0.4356432648815354,1.6950202540512482,17.125584810035917,0.0052620259609435435,0.021417961465038934,0.023333051578888285,0.006551428886713281,0.021585445990100895,0.004062831394104589,13.75,14.772903174562959,90.68826666303215,573.049781368166,0.1308221608698538,0.20555243213543337,0.1564,0.06523936291677986,0.33000001204587304,0.09753162968286705
1.0,11.250629765969764,15.982728921635143,73.29382265403817,387.1039827451862,0.08743428059970174,0.12136187232189702,0.0935196164064101,0.0349409471751719,0.1636984632197541,0.06838942106919442,0.17165134002677465,0.8864453210453664,1.243,10.655213226337079,0.006711474499673455,0.04111025367598268,0.05671843491588345,0.017193181844583426,0.01254,0.004145748280647177,12.117404128156451,19.646984370074502,81.5994382320508,439.82237391950247,0.1242772150708562,0.30952064951311997,0.3480790899915233,0.11844748563908906,0.2226802684610561,0.09033103141218748
1.0,10.17184428182415,13.67092384247052,65.69661519164049,304.3577630185052,0.1031,0.11330740286520624,0.06551792332450304,0.02875244577107978,0.1848623568602743,0.07245349138678805,0.19037623738623524,0.6367359040774861,1.4230957250960816,11.331688354270554,0.007504509574663572,0.036939500027040245,0.051971370663134855,0.019037505435332,0.021624201126721646,0.0069712305281119345,10.053383006315086,15.664068300474426,67.22442753787985,301.7137068925186,0.12932066404571066,0.1844861855884982,0.1861017161979257,0.0820182628642527,0.2433063936902495,0.09101984569856204
1.0,12.54,17.31,81.01577737321847,479.36412410658994,0.1158,0.09110288109042085,0.03709001171941455,0.027422382153826603,0.18416761947141114,0.06132768952912031,0.4012794877591356,1.0475083140601291,2.223298191797526,30.145863495974556,0.004362963870189203,0.011892790364266987,0.01652,0.009121213184153359,0.017452871614791778,0.0022279681706046783,15.34,22.46,96.66828182354976,700.1931345970821,0.1415633476666146,0.17869061419104196,0.18101179627284944,0.0897836590360959,0.2863622070236807,0.07432396654359924
1.0,10.413549522103667,19.343428850814814,62.6195652991422,332.91347131659,0.09105954912942012,0.036724072943063575,0.0011376971833656816,0.0,0.1601,0.06403399275207047,0.20684672865519155,1.3428794333677727,1.2360302566792576,12.891463441149776,0.004998594565753401,0.01019780203156631,0.010599932625935669,0.004967528585516431,0.025779545245271717,0.0033440255152194813,10.921862096978144,23.20459856938899,67.87493270499625,359.883139667617,0.1115971030265992,0.06476154334327117,0.011681210128138594,0.0,0.27430453898985885,0.07721589011598486
1.0,12.861723197344396,16.602194608748903,81.36685980005907,512.2,0.06597278002939365,0.040032333618284,0.0329874985323082,0.00812337881120169,0.1422770565146157,0.053752849451862116,0.2367088442416417,0.8925710164489749,1.5159885293521955,20.038445478411155,0.004730161781803418,0.013337501389279735,0.020820243888073072,0.005222698941827889,0.012255434468879596,0.0018931889618235397,14.72980125408994,26.239744577571084,95.43745457344,666.4431345630396,0.1001,0.1533546189709497,0.17124782513131487,0.05091793645360462,0.23702912632787002,0.06825408169655535
0.0,14.75643223278806,16.16646521566047,95.54813860580136,674.3820013645579,0.09747262399182875,0.11377677118058838,0.08657096253727534,0.06266069838005757,0.1798259415827116,0.061312732489915325,0.7581403427451009,0.5994798100633602,5.120906169580902,80.65664841559665,0.006247331391135746,0.02195574106171737,0.026757931530292784,0.018428996961163926,0.01594,0.0035294764706677714,18.975675506269116,17.677125363782338,119.1668549777362,1024.6694478836812,0.14352356856770832,0.2560028598353226,0.3157258031153459,0.18278096563107893,0.3030442955654544,0.0890936289679018
1.0,12.485783886381501,22.369479539958167,79.76890230596979,496.5723267163738,0.09586675390065547,0.0741316097956806,0.0354268919614896,0.01947499914008969,0.14673060608971283,0.06247154069459798,0.36007754458377056,1.7032830524858484,3.0494399872134723,30.295648109348214,0.006581080078857064,0.029837638306316683,0.0257931059897836,0.0092141331966186,0.01642598314111952,0.00358110610431244,14.094714454520187,28.977925100824077,91.9949018516953,627.3609357314643,0.1183748837143482,0.1622096387680083,0.10473202639705254,0.039457700818116226,0.2167219275919631,0.07627848236817542
1.0,13.46,18.913597114738682,86.48285765477829,560.4196596290319,0.08140513992844796,0.05739876225931827,0.026340548216596312,0.017779058892974223,0.1526640652628889,0.058247678314484325,0.2541083229311787,0.9984708026553536,1.9580963399285578,20.963481059217916,0.004823178438325744,0.012821110675936593,0.015975049635337593,0.007312169215688511,0.015127503915995669,0.0027733558438714162,15.05,25.237611909470985,98.43083652204113,701.5309429090098,0.11054597694371242,0.16780630433134883,0.1291205681610967,0.074835485106971,0.2581166393528721,0.07668580600604916
1.0,13.66,16.838861415806765,87.84495218915242,575.3,0.08790470963721879,0.07214198447872794,0.04673694107897326,0.03235706800480926,0.19207023650902227,0.058156567048940774,0.18489554864287527,0.7151970489117835,1.3466999962990274,16.1817167871424,0.0047382316799533825,0.010960383702219629,0.014598917683349958,0.00692182454733771,0.015626236119162574,0.0017256444635437931,15.346111778999504,24.678856742124346,99.70771784004067,736.3597664356964,0.14173564733499042,0.2433556638427672,0.30215213843325817,0.13990040924942077,0.34549075069432555,0.07717726416878821
0.0,17.954257104553186,21.24096925667579,121.17725473926826,938.4444141377088,0.11700776702141413,0.23637663087310587,0.21882049036793963,0.1473000699192116,0.2554968379172961,0.0678133968393358,0.7381547346131387,0.9216952811695396,4.789824527197627,86.2547212966674,0.009549034431758259,0.05110396481961774,0.04584942018551596,0.02202674675281028,0.019243962164376602,0.005122430171313597,20.8473140229355,27.66,142.1560070281165,1297.5169972921249,0.17822912888840134,0.5175590374928997,0.44025433957060545,0.2613327070449725,0.3800605681538191,0.09975480079244953
1.0,11.453919997408562,21.387791345797048,73.68684356609317,403.2831183055268,0.08362871538856562,0.05651810791608606,0.023451134922779678,0.021451778786703932,0.13166090237367037,0.05912062516475009,0.20909727361493188,1.6986324267605584,1.558672291361944,14.831612517411918,0.00614013023088188,0.013717056045151747,0.015345797268905998,0.011131887467502542,0.016938824949038204,0.00357698204169984,12.369364111853843,29.10039064925754,79.75726055144332,472.18756058891375,0.11174882481865223,0.1049,0.09371909419741636,0.06542169138887534,0.1889284389583319,0.07377230647731033
0.0,15.367190000999777,26.95893667445998,105.67009878679687,705.0677057794661,0.10373915977188095,0.27863267982262896,0.24288081467940428,0.10745594980813268,0.2666271836285403,0.07602326221771018,0.35717736712787423,1.6677534104088438,3.1457667740838593,29.020101981179973,0.006428484477054766,0.09806,0.09747058683428685,0.02789132042932028,0.044866022579942696,0.012715310887411868,16.887667173821832,35.30812839157031,119.52151588662646,811.3439766604836,0.13474559669914338,0.7383689125058557,0.7012403189390856,0.22348858407616654,0.47214617663197084,0.12359587397175469
1.0,12.05,15.902013706142652,78.18868430643558,445.2275575099468,0.09227278194249898,0.11824346950433244,0.0797266400698333,0.023779679900951013,0.17081721620205123,0.06495370926516764,0.14870945435416943,0.7709394095383522,1.3450065143080245,11.532806932573534,0.009614787385879207,0.06308383575518207,0.04488132552235327,0.008298315789613814,0.02284213915812267,0.004725322994173487,13.158384960160049,21.99136350703079,87.63606882977139,526.6970648487929,0.14447382700160852,0.4395053972124979,0.3557498279141831,0.08333956976612861,0.31607741746054036,0.09872504714271725
1.0,13.05,13.9,82.64797514932629,528.8434270054911,0.07739339653964723,0.05047182444482324,0.03298084776548936,0.0208842561735446,0.163559129984642,0.05586,0.2195452096044669,0.36065174963590607,1.1838341072065246,18.26312790400628,0.00435807638915576,0.010392337737029515,0.014918700081467891,0.005611710115015238,0.017189860767036845,0.001960343104650143,14.376287240915588,15.65521006074646,88.4449267198602,636.2269614470936,0.1001,0.10697307635471909,0.12552723295280654,0.05506677494295212,0.2978356843934624,0.06905197689410322
1.0,8.615318870986485,28.723241878331535,54.810906774528775,228.71858052935738,0.09936675873802438,0.05301963958519789,0.01178108645454813,0.007867759239685286,0.1464462424482366,0.07403260457396761,0.33768495538535476,2.3044533737480966,3.0226935962008987,19.989164745140123,0.01291,0.01246,0.015093944321400005,0.01153038149328128,0.042322147387448786,0.005757992483901944,9.838499956729223,36.994181213198196,67.7567533280006,291.69391336913895,0.13750173488481682,0.09304524462411208,0.043077408912347064,0.0730478822676207,0.3058772091769855,0.08968152163842952
1.0,13.872861966772787,16.443063220507554,89.96750399259746,596.4255161763514,0.09058027244727307,0.10698138010635931,0.02638205454299934,0.019943527833947126,0.17782082262339,0.06492816822439694,0.21046688223752796,0.8131794284282576,1.5283077717611797,18.370840071414253,0.005705495907149553,0.022777757975245345,0.016855688212931857,0.007993623957513405,0.020088349618487038,0.003958132566537425,15.005468985357076,20.21,99.70575283362888,705.7398529928116,0.1094931415462545,0.21232794980758674,0.10899300279513134,0.06014168600505671,0.2766947614768754,0.08670815791455033
1.0,11.478582897229888,19.800828475622232,71.49,400.2085870344273,0.08098823402979999,0.05549928898106289,0.02048739416104054,0.01144496493827457,0.1925,0.061830027946283624,0.2885361791461711,1.4910158712182628,1.6571435782076567,17.8447716718842,0.00871304212984963,0.01404823520524628,0.014620022479937843,0.00836,0.034116793588175084,0.004834070398816717,11.871471423540541,25.763719376174496,73.19571309943977,408.9514790785969,0.11240050149122377,0.09929867090873189,0.0553679433021537,0.045706728464037054,0.3113,0.07738519590080861
0.0,19.18578824324352,23.224647793828996,129.77945819840784,1139.213671526103,0.10482970166562622,0.12792720625554643,0.12549872802704254,0.08521830829363361,0.20795831800634895,0.06081354727414685,0.43395701278324755,1.1878909995326836,3.073538211365404,49.77496005180338,0.004070832489768556,0.01897963155283536,0.020250637894794,0.011835039302085688,0.017575304697013548,0.003320618714013773,22.310661829936137,33.099034846203544,149.9381819027828,1538.9686725854797,0.14100083303830205,0.30942579393934533,0.318779291783091,0.1775077027584073,0.3902213283846797,0.09071410093680421
1.0,10.096419546653717,30.157605638408675,67.88701277163001,301.0401823004302,0.09974057190213283,0.18116975637045402,0.11787458360947904,0.04488692913710613,0.19101496417987254,0.09553910103239689,0.34267339595090335,2.904,3.198412024544507,21.39111068675423,0.013856306347542199,0.09368,0.11341741224569231,0.027970002470388583,0.026280187696203324,0.021334474445976713,11.69,41.66628733798159,79.56646320558342,410.495570731076,0.1393123635005525,0.47928539187414293,0.36572292247428256,0.1305734442596151,0.26377519339513833,0.13675241306380845
1.0,13.753973227477912,19.04901425874734,88.10880582503111,581.0449807937888,0.0911827616655202,0.07254680431589776,0.038996659750475,0.02652639908747021,0.1872,0.05853002863093074,0.16871293317557134,0.8265230998159283,1.1573613721644387,12.67179608475562,0.005251,0.01751961333774131,0.0156632045000021,0.007086878264892733,0.01481397142585326,0.0023619850218747304,15.05,26.613839338225635,98.90757241375098,682.9789549532073,0.14223580980620099,0.2980914692800414,0.27515569544642443,0.12720094079031347,0.3388366098111103,0.08844696611943045
0.0,15.969246287991076,23.14348668276293,105.17380052575072,755.4113649795734,0.09719091859025046,0.11447573140783206,0.11972103678420958,0.061018793517270575,0.1973536381847092,0.06140089793903666,0.6228463607492253,1.3269879721778808,4.674999451397515,57.70970192609684,0.006214913182196727,0.016833630638807714,0.02923638338111083,0.011090340432328595,0.018791978595857545,0.002280406369853466,18.99200284097295,34.042414192325865,134.7963869663133,1082.112628765858,0.14404335473664373,0.31954711185256585,0.4074009089189775,0.15058777323396116,0.3630448747963753,0.08454211999775035
1.0,13.66,14.82878828335204,88.27844175256334,581.3799026375675,0.08189427291944443,0.0668612812577722,0.01765515450710787,0.026211639791354446,0.18824041172953043,0.05704967005662814,0.2909938788471286,0.836664649235871,2.056514961581157,23.54440588372856,0.004262994772235621,0.013686894344228462,0.010352365969517727,0.009834730701133691,0.020570603685200663,0.002410497598964378,15.341071949342663,20.21558242806904,99.5026446615937,706.1772652453061,0.10482835756385837,0.17485911304801702,0.10477832085583083,0.09677762686443961,0.3057028024000017,0.07240020416201823
1.0,11.096848773625668,12.832033677903796,71.8215961724459,373.84565488426813,0.11245951087618551,0.06814526897354879,0.02688,0.024229569183579495,0.17408305488577447,0.07800195123001485,0.18203645419549094,1.1477532716594778,1.23189370529444,11.420151535389587,0.009612104880821336,0.009977829435967542,0.011214332676958374,0.008662765492539568,0.018420677370292647,0.003598572822149373,11.86662065653028,16.350433432820278,76.47770045479824,394.54464366983365,0.15358442227923746,0.10635662353927537,0.089573245174068,0.08703203169988477,0.2709154483368796,0.09410138200173047
1.0,11.696572782171282,15.940656559517741,76.1611802734602,423.06526290617677,0.07599960800493302,0.06847062215212955,0.060059518077720635,0.015019716271285947,0.14380749179039612,0.062008381626803694,0.17142258380627348,0.6399107440483357,1.4428970423601875,12.96414994739846,0.005344744746977422,0.026744469048710223,0.052752413195290414,0.00906297272110988,0.01536,0.003968782819630096,13.19470744092293,20.396814970917312,88.12864838337616,544.3985584042715,0.10815350199294949,0.26637880232111755,0.3443706905979471,0.06554213419113754,0.24837266053387183,0.0873214774330221
1.0,12.46,18.473187272232664,78.8388346430207,480.43884151839586,0.08747667444308746,0.04842400363208569,0.019931024392346508,0.01752552211881845,0.16853305995643353,0.057375414105109906,0.2813369241652002,1.656933419118592,2.3353601031418663,21.86135660152453,0.006103606866186829,0.011796181257817017,0.011947773647553974,0.006203832742755658,0.024032723622297938,0.0018576233458519643,13.365313979242542,24.13517564954237,86.55302266367329,551.3212152328565,0.1080782664294259,0.0775775320248764,0.04839714587573956,0.02381,0.2522586221066907,0.06162079459186975
1.0,12.900672327462468,16.946644035313586,82.70986765865452,508.739964099898,0.07995117794839021,0.06844242750366046,0.043295522607922285,0.023917018261815443,0.17174868067932303,0.06011861221943892,0.140737491953586,0.49570055271775554,0.995607602622374,11.216362718760259,0.004731691756778069,0.012697696373766637,0.01652,0.007086034591353948,0.017536331789293716,0.003338987791980102,14.19,21.52231175438081,91.49150714922038,613.4612454256293,0.1227,0.21562240397432908,0.2913089461918698,0.10408564323844972,0.31867264817372387,0.08750943090792612
1.0,13.730961753280956,15.15,88.63233794302566,584.8838682270606,0.07557759759915583,0.0764666268638745,0.08781772275462005,0.03139041393724125,0.1590162869809245,0.05593077686752525,0.2244,0.4335164040540349,1.8480840743370284,19.95642806269306,0.0034290572467181864,0.021972685294614144,0.05289463831544029,0.011578172415515174,0.019816016773871948,0.002004711009366898,15.391118728056073,22.42487093399286,104.5,749.9032291835281,0.1142,0.31038366242133786,0.4269010587912646,0.13930858567920854,0.3198306386924128,0.07396443001431803
1.0,9.39765819794132,16.39,60.18694155323219,254.73601433278404,0.12438306431751583,0.10230190510558111,0.029932570446245272,0.029500693789059156,0.2595,0.07689006835414097,0.33532332681507426,1.9731531804482554,1.8070958664302776,18.32582612486462,0.008852924782128666,0.012509242077894323,0.008427072130332225,0.011900931502570553,0.06146,0.002150197643685745,10.0410956057207,20.25476395228908,65.6071176623382,297.6681135168308,0.15522360303616106,0.10439437472906414,0.050975898663859404,0.06534834624458982,0.37397858556914415,0.0718170513057405
0.0,11.692332913000056,19.878483909874156,78.5394735367212,443.61007525643794,0.09465271942011083,0.11090327526810134,0.09381514605282282,0.05271287842724975,0.18563475001550295,0.06304879843608867,0.23680529903312345,0.8467038696979441,2.1011968448980403,19.847149375648463,0.005024021976312884,0.025008328380022805,0.03041829791262614,0.013194881866894864,0.014106039386897789,0.002229684496626832,13.842991008534918,30.52170848071933,96.75172168554951,644.5506344862271,0.14356897368358587,0.4095082094558888,0.4634786320032077,0.16017084682364804,0.3459644024804382,0.09294101277766419
1.0,12.179584975197015,17.331520145240813,78.6163602875863,451.29448975968444,0.089268357530472,0.13013860114095255,0.09271171963085224,0.034842160193688826,0.18615944342929233,0.06410275798757373,0.40392360390279647,0.7771320519789411,2.7930439837825554,28.29603085503027,0.005839439769420875,0.05238079948780198,0.05272083195438175,0.017680140242698535,0.0163445850621265,0.004070791109748686,14.341546175771258,22.469517958597724,96.69772935973951,628.1595699338208,0.1279372869111331,0.4324061834933,0.3694024119160041,0.1285103153522106,0.2816851532610101,0.09484458115391418
1.0,14.49344089744559,21.135607131297117,94.88736245308003,640.3426540959221,0.1075,0.1483,0.11799685785715251,0.07399604318897951,0.18540368133773666,0.06907079261186,0.28226228647040497,1.038630063045631,2.3456475278395277,24.613577426434308,0.009009645547338501,0.03709745574627243,0.04756131851629371,0.013770316791192507,0.025831159975409673,0.004066458120448753,15.52459260065582,24.69474185107107,105.85059951995049,747.6272444280551,0.14051460023518927,0.326840321182308,0.3331425983142664,0.1251,0.291220886754857,0.08750112960009676
1.0,8.780821985380031,20.083986616287405,56.43332513252466,227.2717738240869,0.10138954811379244,0.10984603655842175,0.03226654049363153,0.013022788648741396,0.19014276923287315,0.07822703639985748,0.19114882850065484,2.124353874253233,1.2390354276272662,12.16862600798463,0.008535915160982255,0.0217412083151765,0.015970301398675307,0.007017091031414919,0.020284823593213215,0.004072922563483742,9.54029436322561,28.036591037583023,62.46930970835493,275.2699746353119,0.14075325683309292,0.24661119834568476,0.1564905198531038,0.05892618545287837,0.3040193656474143,0.09080219625339149
1.0,13.21,24.40484183271921,84.54858508742343,532.1769085915937,0.09596396826950318,0.09228511723407204,0.07402069995742125,0.04806982847346936,0.20540975723253288,0.061115184081692156,0.36047923169549745,1.9073846142471644,2.4261474367185207,27.473051225709003,0.012089515649609419,0.020683086561738135,0.03305429712888303,0.022971607328369684,0.020072524204514688,0.004662433954409504,14.313152464550129,32.812100284369365,95.50783776778518,599.6822531934002,0.1425174452804845,0.18701284275639898,0.19962037793131526,0.11753013971833601,0.2983,0.07612671226462417
0.0,25.508950916509253,20.034507844834014,174.40605694946603,1944.0201152043876,0.10143161470693865,0.1850788876831529,0.20317880965718738,0.14885600335836757,0.18938481480686056,0.05632966570819658,2.7993975104003708,1.4753560361357487,15.197957143071553,528.4445676025053,0.0050427587082815615,0.03493432615724247,0.030621940095662548,0.013241483427510567,0.0261842595476261,0.004004280962652224,32.763134473027634,26.192668144198922,213.36605577456277,3191.3455274051853,0.1228,0.35949658629265047,0.3853,0.20693353506568557,0.30741426658648197,0.07615932351396532
1.0,14.481659703509653,13.981163351195274,94.06987583569796,643.7534331539322,0.08144384976339665,0.07834563426885273,0.05892,0.03268870556655181,0.16178755581039364,0.05484127435672935,0.1842363725342883,0.4976452459881979,1.7086926203721686,18.23297144100272,0.0058970295881323655,0.017797451104159333,0.019839704557154232,0.010517667838781693,0.01254,0.001690286462410151,15.834385236741804,18.336965966620998,106.4041341548426,804.9910001546921,0.11425349905529153,0.2305008831121344,0.23878514225837508,0.11036457906980983,0.22675146295628476,0.06645961379674462
0.0,19.165387210732902,18.49198620499366,123.7,1138.0,0.09709197232687018,0.11095060536104503,0.139335056979742,0.07950921289546643,0.18302505794297524,0.05674700835654312,0.4330704216990291,0.924321352914554,2.869857178595423,52.518790641476855,0.005042431370311264,0.03372615284270219,0.04720590881572032,0.011992449940614757,0.015432949509064165,0.003843474560360255,19.219051750121327,19.28810593756939,125.44805207940215,1223.1904512134697,0.12063662454538661,0.2887942612283295,0.3803713067805664,0.13287850968562398,0.25030962385277694,0.07880188971453739
1.0,9.686195493665306,15.326783912855843,61.49,291.1987807944864,0.09577744253961577,0.06296537851096319,0.022824189995735936,0.01767395416372185,0.1601,0.06535131491956354,0.3424192989328408,1.9075453305146652,2.3568295285704597,20.812894471246985,0.0073367239765517915,0.013633202077805988,0.01079,0.008870953385449899,0.03413590906899339,0.0026061218951040294,10.668990556510632,19.744427116166033,68.70055033605958,352.81486768684437,0.11459849392141358,0.08847847197540239,0.02057747700451465,0.0402729535726481,0.2522964822673455,0.07015914828284454
0.0,18.89187918275531,18.80185668899817,121.03881501993958,1089.2744514065196,0.09747010686175121,0.11098000982460379,0.1297325877460389,0.09455117821268717,0.20761188532947614,0.06200197072624562,0.618712124434084,0.9437571757139044,3.3249451321352965,58.81711440229276,0.005651608089154299,0.019436959172444698,0.033665465919246504,0.018555783129907306,0.014570311587615974,0.003797813634721769,19.813626706387904,24.09651614963532,124.99122162113449,1151.3912909183025,0.12557948113546752,0.20010448432469366,0.281036618715539,0.1818752553868402,0.2806396071815442,0.08345695492126515
0.0,16.250652561434602,25.11342851704792,103.7,817.1514816552686,0.08295923534719342,0.07038986939894226,0.09578579338572274,0.04433066357096794,0.1538,0.05318487734736784,0.47657963311487633,0.862906764630307,2.8168574842841543,43.89749600067349,0.008011162397714442,0.018736972105726408,0.034327316349787744,0.01479316759099085,0.014093824798869567,0.002486516614044329,17.370944555234885,26.56759518635884,112.76389597177354,937.630378928798,0.11378443975669951,0.15860617859584378,0.2850985606528007,0.10294217632586038,0.22182770720484338,0.06484843273521372
1.0,13.669897839260281,14.960882610962468,88.09824606728833,575.4765271297207,0.09087,0.07943553757109197,0.035592056612511816,0.03791069452432091,0.16183967974467303,0.0628448687395662,0.25618525721832786,0.6677404886224476,2.155,21.969280153370093,0.005515718639945542,0.019021220295630033,0.011906450084109527,0.008233642846615059,0.020497923995739593,0.0034661429536978735,14.967028146405664,20.520455331335732,99.70407728805043,688.9993901964403,0.1313,0.25021972282857874,0.16013152769565633,0.12300036524034141,0.3101,0.09209169820009654
0.0,17.56917025220776,20.546353338890565,117.3413099176783,950.3942051674487,0.08399361441432593,0.1139469307600873,0.10632970657834355,0.056501227397261676,0.1829329301007498,0.05806642613911352,0.47522458369014015,1.0664099676369043,3.437013679450136,48.98387015666063,0.0071546771414236114,0.025586338084380343,0.03576,0.012570425423799783,0.03824024746430929,0.0037441522065629093,18.883335892495005,27.63062093708344,129.40307302585157,1027.140528744804,0.12979109728862376,0.29024955847508105,0.35419600648845545,0.14596540910906539,0.34763965979942224,0.08559291441086045
1.0,10.192001405911137,17.16419993100489,63.69011956087054,321.588505437172,0.08619089039048955,0.050877649488816665,0.017769353830869992,0.005397351453575041,0.17767095374956,0.06412691305046529,0.37826863668492905,1.363,2.5727969973894242,23.32891869970443,0.010176779323074439,0.011921890756307191,0.011661731534104734,0.005495,0.03501564513140029,0.0022790139043294038,11.686089897747438,19.820542273920008,71.11825998729387,413.78259449457505,0.1128661859909195,0.07063603849978936,0.017771673865150467,0.0,0.2983,0.06788473228767898
1.0,13.196786467115324,18.984333147877493,85.28207148341379,537.9695161291409,0.0827642535836135,0.06092743851103456,0.011763250203766408,0.015065852650355531,0.16813001114008227,0.05594,0.3003473610047663,1.3639554952590864,2.280745729314484,21.945976462661406,0.004637187808285793,0.01429262107413221,0.012775531966341883,0.008456386896789203,0.016143586635795435,0.002793047776880341,13.829209160493035,23.310828191146758,89.54881454156408,595.6957187088531,0.09565273726608027,0.10631040511034165,0.04383217852113162,0.03296057432927545,0.21064781770438495,0.0660556702935958
1.0,13.165023313272295,16.94107188556129,83.81930434684311,528.5023728130216,0.08600323315427483,0.05658722437320378,0.019963127047662774,0.020997684788993914,0.20540673994198771,0.06234049708939243,0.27120254681701317,1.3500089515782336,1.6972601121456867,21.457155890823138,0.006292916452031315,0.010995818721253249,0.010110296418749774,0.0070846893762788864,0.03464445865836315,0.0029778673118970116,13.817340867511714,23.017176221754443,88.96063781773928,575.0708699122316,0.10052413392669955,0.08084326134972278,0.031870615233797035,0.025768367971168032,0.32873403064681683,0.0705639664755986
0.0,15.846389676914322,19.183724001146928,103.19840866920441,786.653135053371,0.11310351666678985,0.1313,0.2070530762299037,0.07952224195659034,0.184844823083588,0.07184875610789455,0.5633182837181588,0.963934131751761,3.180049899734001,59.5329642086936,0.007523236715632695,0.014261460945495102,0.039059455158950346,0.010316048873482888,0.013671887886917766,0.0033331697785755014,20.397928608297896,28.123354442368004,129.0498639418067,1298.1644794071478,0.1842968296922494,0.31288672955776015,0.5808960737172627,0.16037832834366572,0.3085587130689731,0.1019
1.0,13.988412593213164,13.063483283981913,88.73,621.3739671604047,0.0659945210024546,0.037303422528965395,0.03241769778881951,0.02080030948792293,0.17190501765834096,0.05185,0.15336390692783736,0.38595121196584325,1.132738688539259,14.092201444137253,0.003016881496543596,0.0049054119491011875,0.011104304851640101,0.00511985311566957,0.01612470436286556,0.0013434912131303164,15.639813629968039,16.504381966168605,102.85342164536375,773.9961462771323,0.09310068445433134,0.12893601330449642,0.22351388363956035,0.10168659843072152,0.3287915468489008,0.06234692616319825
1.0,14.078124031946771,18.696145658984555,91.57289680426668,612.9501599433884,0.10532434088448821,0.12968020992386728,0.09952096775945034,0.07048220046053666,0.19344098666710088,0.06600529541458856,0.5461905801933258,2.2527784895489473,4.781784577576814,49.69021909976124,0.007196858308865239,0.048024985852106586,0.042488439928469485,0.03313679171419099,0.017223361932478466,0.00582688505997892,15.700272982327542,28.474197686556295,104.5,747.2772853120905,0.1208,0.2963334379928995,0.31078390937265377,0.14146963822521522,0.22536457700395066,0.08839
1.0,15.050519961537569,28.96779144246946,97.87130619977353,696.6002724333218,0.09045386327537487,0.053266121172584883,0.013430685623740855,0.02870831738056513,0.15355822026659757,0.05368139380925237,0.4057700602040803,1.9129649930541022,2.9064148442455964,44.024607982849595,0.007392320682144651,0.011908900369820194,0.005289165518254641,0.01042821825354982,0.021614666105583605,0.0020777616732412,16.464678660348316,33.3199132162918,109.25985384571302,830.87287288178,0.11432078428320121,0.0706876939980377,0.008263740844853406,0.059504343420405455,0.20904204294873518,0.05935669815726215
0.0,18.41123639852205,21.745800427713394,123.11525105511458,1087.8442964669432,0.1005427918641676,0.16660181954593123,0.2091715627568816,0.09554726234538277,0.21040639802173938,0.06221388401083421,0.6361908047105206,0.8347486559626217,4.188201586996129,67.35245018838657,0.005650386450179392,0.027612471239930485,0.04658717922805594,0.014479670441315685,0.01918463982147692,0.002668721806369091,23.725014583911065,29.41,155.1309968926815,1651.004363526506,0.1484619819770103,0.42809067377356996,0.6724588011775655,0.21018944374569395,0.37463516629178784,0.09191116365459522
1.0,11.459278782975462,12.418146234047,73.71758085211351,394.9646451338604,0.10121802725555239,0.0730802480567603,0.020445611943764524,0.01851116131821409,0.1717373434891899,0.06791115842232537,0.3150805143012913,0.6039284986733754,2.4436107037857338,20.639249354786138,0.006578345348851083,0.012241683022470863,0.005993467458512191,0.005890644473351104,0.027341679800995625,0.00278467757141349,13.242127978856406,15.649274048293083,86.97258598229965,524.6954291073812,0.14664756884936733,0.17255636492091075,0.11772860544619862,0.07304411957174244,0.316171866483632,0.09026
0.0,18.784416910431275,22.568353929329007,122.8779955842549,1076.7045761905217,0.10824665520824875,0.1555398169417942,0.22306515807153043,0.11806448597886875,0.1797379861278112,0.06651161488547926,0.6229329156269553,2.112627451660976,4.876585797094857,72.3493345472215,0.00590199712972869,0.040201945446648873,0.05371,0.018097994964093797,0.04526532969574853,0.005120230141163947,23.362681623421988,36.22751354362786,159.8,1652.9414687743094,0.14288374581139063,0.3910775867910872,0.511724467132005,0.22525093381902647,0.3616180145305457,0.09308686773694035
1.0,8.865738765742453,13.882491380901925,54.716936255992245,244.22480577679642,0.07516223657269235,0.03308203635038525,0.0,0.0,0.1735,0.0595413749128919,0.24440348085938202,0.532425224712078,1.5719479343269844,16.08374727721661,0.006716994957255364,0.007869284051314252,0.003582816623390015,0.00633170595756984,0.01840244425079071,0.0026683848640535433,9.749034687762526,15.77,62.12240015891462,301.4075298128376,0.09998536815984027,0.059080906513711264,0.0047866156980815675,0.02381,0.24933319373353566,0.07238916605767447
0.0,20.49297819341643,20.565630180714386,140.0287169838648,1311.0724212586822,0.10863723172163677,0.23635286116741774,0.21922336779268123,0.1297559883342824,0.20260575601142394,0.07360129569722815,0.9920029831832717,1.3276872313978558,8.67332076764725,137.25055342205965,0.0053642303841265155,0.07058744878125432,0.0522027540942339,0.022288901042174528,0.02456013339885218,0.010039021323126354,26.520791834736098,26.366001856682026,195.2116486396028,2085.3953393368397,0.13597647660933104,0.5409550169816352,0.5692339109338092,0.23923749272573214,0.34532703441957746,0.10274070243551882
1.0,12.033212424583976,16.915173953643826,76.79117827469373,460.46038674475284,0.08317332425200075,0.0387275288680665,6.986836581767956e-05,0.000417314368227661,0.15730962117290614,0.0607099783263346,0.3118719944867627,1.0302228137782863,2.233285117660338,24.584073204890892,0.005091813489134455,0.00610288758023156,0.0007667430556802422,0.0,0.02180407396061245,0.002121313706039297,13.820665523007376,20.537666879346478,89.0,585.4256624691742,0.11195637911039363,0.07770159208749905,0.010869313900371621,0.0,0.2806,0.0749811280754046
1.0,13.658312162008984,15.15,87.5468613170256,575.6096946440439,0.07825385233696015,0.05476155222696989,0.031050485467716424,0.023799927901906222,0.18333403921792704,0.05584070564067864,0.27130819783903204,0.7239735222465777,2.2763474938985806,23.237294256154545,0.005664438844067502,0.016151072597468973,0.015619695047001649,0.009385525304557623,0.018415141767241298,0.002172328666093579,15.11,19.747160052111443,98.96032865893477,700.9597956803054,0.10612724806199329,0.1766120215042248,0.15286206463015967,0.09172933137828479,0.29043455371045646,0.06768478208753362
1.0,11.22,21.54098482555133,73.62892480228972,381.632079156142,0.09779974913609822,0.1221420357303293,0.10090720085277587,0.035005549954069064,0.17900263842420897,0.081513486089479,0.3417587001407499,1.9226231936870262,2.8696430131009825,20.97709069142109,0.007861412826691038,0.04226331397384778,0.05265838191488055,0.014930676850237638,0.031011952909724017,0.006821106128457528,11.92,25.68166245731909,81.2306548397565,394.66537032639684,0.12657466097762443,0.255,0.3053328463685356,0.09105664761402071,0.2872567569835568,0.09227752971188825
1.0,11.872811429526976,21.813011219923492,76.82578593363323,431.95182612663365,0.08791267542943307,0.08514859226225997,0.03742690750277893,0.02075382553723145,0.1763431321796122,0.06497107981163149,0.15963746397876508,0.9909255546233701,1.3910289995036407,11.24499537443934,0.004114998448259269,0.01812,0.01853011972417035,0.00984963545150502,0.0187,0.003915042486021038,12.837203611218008,26.326943099754153,84.22848632956403,496.47790326999296,0.10284922012527513,0.21731336770482568,0.16209514485981436,0.0927617229904791,0.2563325769744956,0.08800787714795681
0.0,17.921395253508148,22.407464059657386,116.0272717328981,1001.565442118351,0.0739543042563408,0.07862818209743179,0.04692134711083774,0.03327921915232285,0.16475735402815658,0.05070223211067859,0.746028059745122,0.8633073669554929,5.40613072411254,90.91235517676637,0.005846749034965915,0.02431,0.028165141800129273,0.018834941359082986,0.02009379889441874,0.002153506045020553,22.906391743581143,29.425005566619905,152.16180472438788,1608.3372995739949,0.10456446342470535,0.22451330570312183,0.24212409255378006,0.15248501525356178,0.290892465975318,0.0711096634805597
1.0,8.345815820408964,17.46,54.04187966590276,211.48103389332007,0.10751183876440476,0.08855798128609935,0.037443807354136015,0.021241552682341385,0.19967305670670366,0.07924050685816061,0.5113784949874702,2.2630091476692527,3.596518655383973,24.95759826726322,0.02166440995541861,0.03000226759343549,0.031137341456794056,0.015400874677106683,0.06146,0.005865871966790172,9.089053900622584,22.45393760109329,59.15498527196149,242.6218214035148,0.14241868978009523,0.11973114040460843,0.06665176452102808,0.044595279356903904,0.3101426371814502,0.08289923203997751
1.0,13.66,15.91794867793881,88.5211455224125,585.9402641005604,0.08366709564797022,0.06811146890287059,0.06229492355822302,0.042900697547886495,0.1901427759733308,0.05555364615029454,0.2630022032486904,1.4865479866564617,1.8347865123751026,22.144426825156835,0.006663655950121813,0.01562190323330128,0.018700453522147074,0.014016861345712847,0.026579646029724305,0.0013624029749166018,14.546587139054086,20.841155793029458,95.11356262485715,662.5347635928342,0.10173354119055124,0.1333822925482621,0.14498429628463028,0.09163989243223829,0.27320476192096027,0.05867859746659121
1.0,12.850682407024115,17.03390862858576,82.64930695606637,508.6545941160557,0.08444633399688993,0.07845002374452266,0.04455692563425398,0.027034557128623113,0.17209571745160943,0.06040684470933806,0.1564495463288388,1.3865073632673157,1.1244532145794157,12.679892369832636,0.0088754732121417,0.024984758295898617,0.025289325917524964,0.009228821426239604,0.015432350480630302,0.0026054963814748913,13.617337624803238,23.33345520455727,87.65136149815434,576.0987138658483,0.13418579433147806,0.24007765206921183,0.2555286036567476,0.10230887091117791,0.27230211323224734,0.0762381715297082
0.0,15.489621573033723,22.557308345870737,102.92840398308125,732.042692458311,0.11363755222766947,0.12200553600263181,0.11683669847721696,0.08781418552212593,0.19305368532746525,0.06470255160893397,0.6361811739943578,1.5067890866117397,4.543678828168126,68.3180621269953,0.006576629051732726,0.016515921653369185,0.02120106955440537,0.011596704908661793,0.016736486701321343,0.0032512467135583038,20.01,31.405343676768243,129.9556342908436,1237.1658917464633,0.1494782651460403,0.2138606245857603,0.24217149332941965,0.16089130937129623,0.28411245362173004,0.08771206374308456
1.0,13.650301248147596,21.450062142727212,88.64021335496275,576.4668274174954,0.08447823041040298,0.08197302275206045,0.054920747396934776,0.04797093251701097,0.16551922177655054,0.05702159491187804,0.27431143969743915,1.0656095026559806,2.4860336094879827,24.151586187635754,0.005912698638743119,0.02677012751917166,0.026451995047457485,0.01576541880981904,0.014861134742634072,0.0032805177363107664,15.06939291966894,24.90096246914585,99.70437969769401,706.1842949180359,0.11091137050184559,0.20143770307499914,0.17949460822832705,0.11744980966739384,0.22505355084869572,0.07427104821323288
1.0,9.57500552521819,28.223025256760092,60.22412400896404,286.0471653740684,0.07557942182188312,0.05013490034335494,0.011564647534461762,0.001859687096051023,0.18001384343404134,0.059986075886892185,0.24871054677086216,1.3654471000461008,1.8305063822431364,16.003517003274023,0.005773387389827323,0.014006628719239902,0.01996929211670965,0.006498820418729431,0.027168899416477602,0.003490912978778802,10.413978783832716,29.826428876823396,68.70195616635733,331.3930911124683,0.08505206077725953,0.08296595224129721,0.05505448099770601,0.0,0.26873227469320754,0.06769103005482374
0.0,13.64380353675554,26.57243627006425,89.73090567189273,578.1530693828639,0.10186799099958936,0.18390035800790963,0.1074133301340945,0.06619520630129112,0.19432456151418825,0.07230726395868561,0.3993802144539049,1.8861623843574309,3.092889192899931,34.24593349596596,0.009300792763601996,0.0595202409184928,0.04031153603377976,0.020386578509288353,0.01686262053194026,0.006564133678929492,16.315416381255094,36.01545302584031,111.90364670950221,807.6362293283773,0.1464,0.5192272407318247,0.3760218115595784,0.17019378527178866,0.29635316280418444,0.1059
1.0,13.28380925947672,15.528168703328463,85.9286111528577,551.5898434575081,0.09867335226938635,0.08767536949247745,0.08009174475193943,0.04701371438129913,0.16788448661508182,0.060192308234479616,0.5197279841559522,0.6556728788976047,3.8559450660689456,44.94398791091855,0.010966360993976602,0.020582630469088634,0.03272257882958731,0.01766,0.02153637957731959,0.00732577559110925,15.11,17.454814165554108,99.20252005436973,708.2094161530235,0.14557875584586039,0.19643811594747929,0.27946277572270467,0.1402589749591765,0.2545460872905632,0.08783364456752092
1.0,11.512726062795187,15.061142444758646,73.59571213967452,408.88037971036067,0.08044494068853886,0.059539586965763586,0.03777032800413279,0.017801959263102088,0.17756013958158165,0.061277098771181183,0.17830634051848304,1.095,1.3542433890770649,12.677745750683481,0.006543807102109299,0.021979595664317172,0.02188750683848407,0.007137300274463815,0.01958110986387507,0.004172173723088646,11.911260482254411,19.70082141663239,74.26573306839742,440.573359177165,0.10721654560726827,0.14409279295463992,0.13135806082106125,0.048634301276040806,0.25529946267832154,0.07809624503721202
1.0,12.715411031589435,13.910411114251596,81.44450421556402,485.32015242897927,0.09986562055183737,0.07370885411651514,0.02899055148751469,0.01530630558975202,0.2154060236666492,0.05859,0.43462482489460913,1.2336023233902491,2.5733002853547555,28.244328827041898,0.009754555220333163,0.012527419077534652,0.015138603302624915,0.0068501866214442965,0.018704118899465466,0.002394763471989272,13.874558929935418,19.25224599077961,88.13988080276052,584.1569830333622,0.1347,0.1677272604333924,0.11259148383281065,0.05789383242263183,0.30230573132977734,0.07278516018760119
1.0,12.866419316274335,20.7,81.91125204244827,510.81184506499693,0.08024973312716696,0.03567222632632823,0.0050076137704156,0.005527003095329142,0.16267948433985951,0.05950018952074086,0.19119234153220585,1.7479549399717134,1.2215371990542674,16.27525284613734,0.0032505676884097487,0.0037157372274812333,0.0023388946237607915,0.002591133230961817,0.0189555164661815,0.0013609975492340403,14.071537840340419,28.935756208032046,87.74123157214447,599.5902536974605,0.09173099599804872,0.049953919366931866,0.0231984214211622,0.02780405138864005,0.2683591057069095,0.0603654511153973
1.0,11.679070050756675,13.673664865071363,74.71441836409227,421.12112511662247,0.08683578435811456,0.06532954823494974,0.023518567213454453,0.023133297784386095,0.15898328831175135,0.05768825482250194,0.3426564538439369,1.0446314702686972,2.3916545198664076,23.85719408563562,0.007256251265542087,0.01665464494024504,0.011621165647279236,0.010789801137359405,0.01677083344609745,0.002163480528206225,12.530804537026409,18.20437997773532,81.71979698874111,474.1410208840053,0.11432277323465274,0.12388320876039856,0.044573324413633326,0.06954182221464061,0.2226,0.06873471869975975
0.0,19.717981595797593,22.466115774698586,130.42185744152502,1250.652020897762,0.09201531886356198,0.12835113096193315,0.1908987255987598,0.09551603539664695,0.1811882768208698,0.05392912995161027,0.9932261465840556,1.5627820408734088,7.037990673894238,113.07557686692421,0.01053593858944804,0.03803890091596221,0.06368861517121156,0.02422578742040321,0.021417824720316243,0.0037366291031053402,24.22,27.98016962356572,158.97324577944534,1688.471175217452,0.12754896743265226,0.2945546633682653,0.44085161081198304,0.17021567373649768,0.26659137291257695,0.06386281131903293
0.0,14.222345399686208,27.048561746294865,93.79950926812484,645.9520233340533,0.09463,0.10343619102393746,0.08109830224706001,0.04470241209195616,0.18321253233654908,0.064920661667685,0.45051827198105926,1.5968373485247775,3.5422160982681303,44.41,0.008709209959754443,0.02772,0.03283304412135939,0.013696057310132253,0.012928017158225837,0.0032159577026517235,15.754509363006274,32.301589998670394,106.29412074109675,774.9930075410543,0.14072673742394767,0.2289138117976712,0.24816090479893851,0.07935170224545313,0.2642424035612507,0.08014338503832599
1.0,15.253785521132574,16.33,101.10914862802525,727.4153305132539,0.08460913749482808,0.09747439430249355,0.06591389696484563,0.033729585708517335,0.1601156654864539,0.05702309561025654,0.43268066089458174,0.684298608596356,3.267144855550175,43.57277795985818,0.004862177656110109,0.01812,0.019838198220745434,0.009048361365142909,0.019375691163679515,0.0024643407249010443,17.39873904816334,21.2535792929838,114.28628434712718,912.5879635485895,0.11307230039066073,0.22087986228587123,0.256361322911608,0.09768409141304635,0.2780512161331257,0.07473395042322235
1.0,12.720578290067246,20.735832131895286,81.35084290672107,500.95036666827076,0.08512715344751855,0.07418235733670507,0.05999855134265765,0.01915228918911291,0.1861593132185307,0.05875,0.19178188520128964,0.6347244637599693,1.4436444217694202,15.75,0.004750745091839623,0.02197630663726872,0.038408887272233155,0.008359206444897915,0.013520134276776381,0.0026651721969706958,14.223860651934555,28.86732656770819,95.29188146922898,630.831010751543,0.13070673808087888,0.25531827795330964,0.318205731315821,0.08682450112179727,0.30586660408163463,0.08176117285958141
0.0,16.73146806676826,24.90062528825124,106.97585940878066,858.8638186187586,0.09823853474077492,0.10802596549509556,0.11170880301750016,0.06150105904995115,0.17392022618331485,0.06095234123459875,0.2577115237194712,1.4224725872238988,1.9015028430912764,24.859617963083174,0.00501851232217429,0.01170655647106187,0.02090221799677807,0.008343261534465787,0.012758118798290186,0.0019587980993404446,17.546523701897975,34.50950839635756,117.73407088292467,938.8023581480761,0.1461089073273086,0.23418736795974232,0.3179460966929855,0.12173382677040855,0.2806341089774953,0.08609846783139827
1.0,13.672968175887005,13.222173798627571,88.35799968930102,575.3,0.11547994329230218,0.10996815871522526,0.03546569599533825,0.03713691188795805,0.18510415511679415,0.06321787049590923,0.25345336388510953,0.6224213468570146,1.4402066960926097,20.081194882709507,0.007591131212601146,0.016290203831231864,0.0194822051329902,0.013040560706018446,0.021619280604410356,0.004158058932879765,15.11,16.037594368836686,97.17290458122389,685.3118585744,0.14786922263098198,0.17866355389995608,0.12432076510006865,0.10221274770970898,0.2809062495688556,0.08110722741655971
0.0,20.172990482390297,18.096579201685298,134.7,1214.0,0.1091820538076044,0.19977669497089848,0.21336170392718964,0.10977878057709041,0.1796831391289863,0.06876778429974509,0.8384240123192763,0.7908481569920431,6.256089203314828,103.84709673107979,0.005901553874306309,0.0305699935045712,0.04528395753954357,0.013413437120635235,0.016986655543984954,0.004311651312942331,24.54092308162602,22.63327023528037,162.39315776188886,1748.9348193109477,0.1522973245407387,0.4168998941496859,0.5407153318796151,0.21133631653659757,0.29287570365273696,0.09482672873211644
1.0,12.77,16.85,81.24951766179238,514.2287690139162,0.06251,0.024328618510487492,0.015412824535656998,0.008673626202228689,0.14237768208068602,0.0553883523137377,0.2446441317100369,0.8358115461814162,1.955,19.972681862102313,0.005354356525250297,0.009058316767856303,0.019935439339436863,0.008345327912622678,0.016174394741455406,0.0017025348970419359,13.742938972743117,20.334567702877536,87.5132824853334,608.4204938318245,0.08304236870178125,0.04835897938247135,0.043716722965218675,0.01854831073993836,0.2103533654651631,0.06032177743850253
1.0,14.044551212995414,14.741557803902765,89.27008838488196,608.4817327878884,0.0927889944122574,0.04994,0.005018861550660577,0.00926519102779461,0.1535139861188732,0.05875431473026795,0.1924,0.5304019219163078,1.1314515458116885,16.95501226302548,0.003152182754152308,0.004750181865928036,0.0017328820004287554,0.003632201468449381,0.013404730166439352,0.0013898699944068238,15.668360508716713,20.209122772452446,98.38588256802734,749.9,0.11245601570317316,0.10712482520116223,0.052970272472156014,0.058036345772166376,0.27105055729048505,0.0725927031768983
0.0,17.705567319489255,29.559367599034058,116.00575833167416,986.1888786680364,0.11711283501140485,0.13370403717184276,0.2128136344748024,0.08407961766785281,0.1807118347969193,0.06135611172389375,0.22779361103445117,1.3057541138371571,1.7679444475393793,23.915338870722525,0.008077970431683349,0.019894910483705563,0.03926349960859408,0.005858723198425503,0.01317001576997323,0.0017064301912085083,21.922102750785324,49.54,150.3287633269033,1498.6101634013075,0.1903277958014778,0.41763307483810197,0.7291432463970079,0.18327678537188719,0.3261221538110183,0.09185132125917621
1.0,8.61687640070417,24.012042658643942,54.56290079084163,231.1554066199926,0.10869707115283087,0.09676810079258635,0.04457915947249074,0.013700881591566794,0.24735212831158127,0.07288592341205438,0.3123851744731069,1.5325516264448138,2.1153446917636005,16.937968897916615,0.00901874318306393,0.028080382887317422,0.04365323375749278,0.010543923536815885,0.02301489377056255,0.003909339266439123,9.929708225383278,29.147977649937474,63.9145003836669,296.9925842829054,0.142460686674781,0.2091939367510049,0.18893861074802126,0.053911898299886615,0.3145214637847549,0.08716396293284136
0.0,21.7201392129314,25.626173691808326,143.21337818478958,1514.7295187452369,0.09024127072442237,0.1154161677283315,0.14785943689349373,0.08651570668464079,0.156450750861402,0.05502191047263447,0.6213092171070826,0.5666406946136386,4.528634860062799,92.6284111331045,0.003134004719878178,0.014904730580647781,0.025963229020077243,0.01111675022030088,0.009333897727702229,0.0016998905789355962,28.094604347430177,34.57271751628582,208.02929066549345,2494.731297799389,0.13814949916384292,0.5451072434783498,0.6931097319539122,0.2475,0.31543073464722887,0.08541636285678336
1.0,11.22,20.951035427470437,69.20549256954106,378.7728568336135,0.10171933698808187,0.04299798854746951,0.0121316493544272,0.008525106217269388,0.15335102586209962,0.05976812767203515,0.19361050591237264,1.9810055082217057,1.2109350124913647,14.230919328474378,0.006690108742379608,0.006164236530671306,0.006183187425463685,0.004969253964270061,0.018438213994044328,0.0017035755179953401,12.310459986144727,30.73356060226285,78.14111204559035,470.71113137127924,0.1470118670546384,0.07826224979177143,0.029331148236545545,0.04280055277407397,0.27403406232677446,0.07030513210703687
1.0,14.98224680855588,20.057146217812733,97.79605033501305,688.0808824752365,0.08511,0.1290662453046584,0.13158125256698378,0.06574009072715745,0.19985063584620255,0.059080635039127576,0.424315552131875,0.9173169165089466,3.1930335970333084,40.349306619934545,0.005969,0.03886147050151377,0.038343321019946044,0.01277079948241922,0.01842537974857269,0.003906954914124413,17.56654680872663,27.936957401784273,115.37106305635191,929.9477195580441,0.1313573209160552,0.38738321327402586,0.48862828182755713,0.1450796822134004,0.3288024461045062,0.09488838493236929
1.0,12.356314392691377,16.95,78.98066665079956,464.17217282260685,0.12592199417534097,0.11965893005081915,0.07102714909786281,0.055551510212665425,0.19909697418390923,0.06439283007702913,0.428682942667006,1.0173867924026465,2.582068814643443,31.594605531402934,0.008973101418051332,0.01812,0.03458044927698615,0.02143651500439067,0.018958863638917748,0.0042014839276291885,13.572063467663016,19.14239013356045,87.35472926405899,549.9878351569165,0.14270532859582907,0.1355114411604285,0.13833463297208806,0.08703712348274917,0.2522854249693755,0.07473959865421015
1.0,12.526532179154346,21.97166603879282,81.30874926146278,485.08511372077135,0.08675191310391309,0.11528854296661178,0.11672804262097078,0.0559885872263882,0.1589798466709718,0.06143361808981412,0.21426561709176972,1.6321266703537423,1.8076293138076946,15.70406540347101,0.006663154375602291,0.055145495847979696,0.09057077158966222,0.02491664808481865,0.018695109534841936,0.003794739557593517,13.33,29.06400181985237,87.36,544.2122711863832,0.1172039016812549,0.3100895157296593,0.39216799969325944,0.13242476491422034,0.23575980222525206,0.080076477681562
0.0,15.460515599526289,22.537756521951405,103.49998393284913,740.785625631857,0.08690290661084053,0.07958840656472749,0.06542758407303496,0.05270359242005543,0.17697095386604011,0.059689820219484255,0.5992492695058991,1.326864319187281,3.7429802021487095,51.08942961255833,0.005873838264319366,0.011633935383982075,0.023087738409782285,0.009749500654837876,0.015902525609331464,0.002675401031088389,20.398508968330205,31.603713133014274,132.07170678525864,1227.7121133674345,0.12479334942567702,0.1843656812370052,0.26794175055360653,0.13544088905192303,0.2811765677921421,0.07918207594888012
0.0,20.475669022975918,26.435751035963264,136.02716233855008,1304.895312201085,0.09187599624998313,0.16659480554402578,0.2507528895715484,0.10934533267761465,0.2091327733262852,0.061245936613046975,0.43449836315823925,0.7140408384870643,3.2983593161522404,63.36873044906989,0.0031948782861897186,0.03454049269662003,0.04505169740881931,0.011582869078112857,0.016856165311385972,0.003745184342907393,25.529746071375833,35.59543795984829,184.28161338529463,2049.449616927618,0.13687704762298514,0.620229035513944,0.9256815423060737,0.25799532158914235,0.3948510894412944,0.11085298195145725
0.0,19.387619243125652,19.110484540882737,130.43836836146744,1131.6822633898255,0.13234421455972425,0.2286447133786161,0.33312188342632487,0.16324737532476175,0.23640493427042772,0.07388811415785648,0.6642261179452756,1.4110943833959326,4.9011606240830075,80.4740644075755,0.008001659352375975,0.04951328700035588,0.051967188679445435,0.014585005058149093,0.043641953302923406,0.0059402039342555555,21.53,26.175632718752887,150.86797905262893,1349.6116848169684,0.16787983840568257,0.43980380332801405,0.5892265612443782,0.22654540859236186,0.3923633231803452,0.09541330309162839
1.0,12.142088100379963,17.000407680794677,77.79166043532832,450.7445975599856,0.09806950654943192,0.0546527413151351,0.03887044826764219,0.024162992863314022,0.1641,0.06129,0.22438014201047604,1.9088781131526755,1.6111960558728342,17.67,0.008576494974647571,0.01270866810603314,0.02148586769740701,0.00823154426844652,0.01353303289473572,0.002415249257455829,13.06,25.945119973761265,84.11222117005961,512.5932221361066,0.1384235966653596,0.10089502925924118,0.15630566664450143,0.07785068325653646,0.2293255343582736,0.07237025705664789
0.0,15.152042850058425,18.166546779342053,102.28874246983857,716.6610765479064,0.12283581066362038,0.22276426593448023,0.18664366492595547,0.11729547126501431,0.22391474624441396,0.0769193092234391,0.6361429793313554,1.272584846648165,4.548250046601869,60.84274763982405,0.005428464231565645,0.024480139916808263,0.027190523427009748,0.01840067478338414,0.014100726224088585,0.005974174749795996,19.20394012183455,26.19516533480929,125.76060829463385,1125.5759204252138,0.16561407666622982,0.41858076215882667,0.451022190595827,0.23790846526523085,0.34555805268669676,0.11864437916596712
1.0,11.74027987389526,28.157701886110587,75.66160702990135,426.2218697246599,0.09127102693483793,0.06533293365758815,0.027038979850220423,0.015204959380552944,0.2034701067092551,0.06513039161638505,0.28177251957425364,1.4346061551478129,2.3455908105008922,20.482297495903925,0.006663140065443439,0.012276161968637782,0.01279443020072505,0.005046683483406687,0.0235113476433048,0.002156191719205371,13.598055444363881,37.16691769837148,88.81180888139193,551.5350411380683,0.13103510315386976,0.16969394663615092,0.1665890866080895,0.06927382560998005,0.33058771010337784,0.07808265799985298
1.0,11.06,20.392698769896477,70.71565919614014,378.2730157275739,0.08312056408950298,0.062267612428903954,0.04712091887271794,0.011262974651141226,0.1678728640898968,0.061836367080375126,0.1641981930185531,0.5849497948349506,1.1144651999319728,9.645617005288099,0.0057979653463762154,0.01587,0.02548090914494394,0.005401736243398803,0.015440989968328631,0.002919260063174426,12.384671359264466,26.85416343309102,81.43293621578809,470.5244393311897,0.1347,0.25189291807202985,0.273939991799942,0.0626904697027729,0.2980525163707705,0.09269402222393328
1.0,10.849193280276168,17.9102583190348,71.49,365.3543180928137,0.09138887872255423,0.11322850682859144,0.07872073974778515,0.031042161021422543,0.2116630685706293,0.07143901785001304,0.36436301098732626,0.4974537559952458,2.4715168233063056,25.853452383146443,0.007334698157782804,0.039236310158136986,0.05082903230158292,0.0158,0.021546399586890207,0.00812779559923113,13.095244225744457,19.220069151790433,85.21362566028868,523.580452930125,0.132945986990416,0.3026229131035942,0.27689586167369784,0.12190506441478408,0.33167164931677384,0.10796731753234723
1.0,15.971517116309313,16.829038351380877,105.50762361828572,768.3325612367187,0.09248352591760435,0.08769806069899135,0.04610830469070134,0.0647920995255405,0.13598185231705415,0.05668107287706311,0.18337775127060366,0.6357005131132479,1.3982775563587406,17.67,0.003989900146693587,0.01188734496071527,0.00994719829781242,0.010548178666608255,0.017134851391554136,0.0028102561052350235,17.23936333881394,24.558179504929733,114.14795781400395,869.3041598009286,0.12157955740478171,0.24111036645056175,0.18911721868313963,0.15012366787772138,0.27787822456963085,0.08050826199833096
0.0,17.01382958330172,24.48763611011544,113.13142336524756,855.1955359291951,0.1186,0.2100818332648263,0.2075183168657125,0.0970652442556649,0.21863011002248833,0.06782,0.7724810786421922,2.4555303045575063,4.463589996231444,81.61348208350196,0.008119659877870984,0.057230441545711046,0.05939754277866051,0.01627158969832959,0.017557712502563348,0.004770048062431398,20.462603803098105,36.867887900051855,137.73726963000968,1266.8417490497284,0.1708874966317182,0.6069995054675318,0.6421162190771196,0.19800828499304723,0.369228662813478,0.09943403038722605
1.0,10.747818097398046,14.640765044982151,70.43015479198564,343.9638407972759,0.1089,0.11487348591725322,0.04274120585630223,0.034511789580596336,0.23421744727958238,0.0765077864707957,0.31296971496226034,1.593734710933207,2.203835760324949,18.919280817886793,0.011599936938044335,0.01594514756323251,0.020693631365240512,0.017748075922898673,0.03269199238026932,0.0037321450396976094,11.139587887495644,18.24969079934688,71.70794171588906,374.6132634026775,0.13259145226173055,0.1244804282864653,0.09264627878923495,0.0812,0.29324443783822635,0.07711583031958477
1.0,9.48040619301349,23.22256394056885,61.05120322132588,270.28270926930105,0.09418258804365982,0.06777417863485068,0.02355115065174077,0.015096072590346218,0.16698390110907935,0.06579457982133934,0.19936578568949195,2.153124601935585,1.2794607974164325,14.462188003163167,0.011910259765424843,0.014501311249661312,0.015545169166108359,0.00558278078106704,0.015991147701471416,0.004464758721641362,10.627417247558244,34.69425449356267,68.76298884446808,355.2515275020211,0.13836370817131272,0.16485033170560348,0.12502589261448302,0.04807080792778655,0.22261092539187632,0.08306498802885676
0.0,14.25,20.16048929248411,93.43111908530703,624.8817388664963,0.10635463635774263,0.12742854664022302,0.14784764219274638,0.07518236459276186,0.1870843774932446,0.06624063609269558,0.23201701124258486,1.277873720859087,1.5516588697098401,19.65832134655861,0.004478901095862674,0.02725926943134634,0.03576,0.008222974630636166,0.013660492331382177,0.003739570602032697,17.298204187350564,34.01,113.75729919572672,915.161753535242,0.1478043738689469,0.4280385106758404,0.6232648172227945,0.17405444846925539,0.34726277336535855,0.10239829609331086
1.0,11.137880895674508,17.952291916102443,70.9391674763539,380.5360907501053,0.09389609960678214,0.07189330681766318,0.01991496572034626,0.02027594001036971,0.19087533858028577,0.060195788678093096,0.272480441402178,1.5611224933936443,1.849239925356269,19.03001016467277,0.00747457836581495,0.015071707865215493,0.013689449554267872,0.007991555798697743,0.013425150233531014,0.0033847115221109594,11.984231583238046,24.516811833186456,81.11421407631124,436.1145966157035,0.12160365366007442,0.12566844712743144,0.07965832148102528,0.05372002493653728,0.2249860305196865,0.0731955315063665
0.0,18.46248697103415,26.588478510563835,121.37794786245533,1073.802540588494,0.07371,0.1310943357577017,0.0916969240279213,0.060913597414573376,0.152326131188965,0.05453992236763361,0.39916624728303673,0.7636946732772829,3.1082725892649856,44.41,0.005018187764589304,0.050604203299500425,0.039194870065101056,0.016297447471289483,0.016177582243104335,0.003745349169189995,22.689952227775645,32.201174010012934,152.4383015099666,1529.6760988675974,0.12240568168868862,0.4749706319917321,0.37853568679807564,0.16736553557172393,0.2856851207979725,0.08698842470072474
1.0,10.8,16.66885773530408,68.77336497170236,356.39028750819784,0.08931573682125768,0.05992434132863123,0.0038600081081532865,0.01325707655110842,0.1922,0.06491332441451003,0.4032385269155146,1.008589355776434,2.155,27.204991413412465,0.00959834371553336,0.009630068169073148,0.0020069773728291257,0.00612393473608781,0.03168944545424131,0.003942914215827374,11.989173031821286,17.155742186362104,72.33322681495699,438.9539703351321,0.1213740351747333,0.0723819040653469,0.0056179861064453405,0.027688249443983282,0.258964288668423,0.07447469922799754
1.0,10.8,13.67395475168566,68.50954058708697,373.00535986835405,0.0768332385721321,0.04282131132275651,0.007463392107189354,0.0040665582710733205,0.18058238108959285,0.06286018053964466,0.2264614302636907,0.9408004041804231,1.6260838809890157,15.453020972724602,0.005980425140264966,0.007244981630982744,0.01037500222161651,0.005207569959322965,0.02383678503861971,0.001973370292440883,11.92731152776829,19.216068322779496,78.27677183161212,438.31050361738966,0.10289307266029281,0.08296576579951258,0.03338421407477503,0.025672434322916035,0.30534190892168506,0.07637866285689261
1.0,13.772676459837042,15.1945944555972,89.46470178339692,579.954234325865,0.08647419971927764,0.10705318398277441,0.0897739657301475,0.031050948782466354,0.19599325272614618,0.061481643435483325,0.1710770626474436,0.9675662199595753,1.3820047192157787,12.961815076128964,0.0044766151528956395,0.021963896763424678,0.048464644414589475,0.013073687762652938,0.01909871746672462,0.003229779280972697,15.05,22.331601606494015,99.6488623305362,676.5122752871769,0.11836100429365262,0.25493433235859264,0.32189844237433746,0.11055401292666318,0.3294909414575047,0.07791204848435371
1.0,13.64,15.835465571444667,87.85508315759843,561.2415137023174,0.1054503212539266,0.10015090081618169,0.04233299544646902,0.03364250671202014,0.14734336248800547,0.060354088304853365,0.2100920477152432,1.0388366824848247,1.555688554079306,18.326488135924446,0.00508,0.022151435339822605,0.01970568168455513,0.009153865345116169,0.017916907078817147,0.003567442338687544,14.262627823795727,19.692024469063192,95.66936176306052,624.0846608797428,0.12935843785799,0.22931685459362344,0.1615277636896345,0.09277905801543881,0.22674221487309323,0.07740830486001368
0.0,16.05254377400375,15.702766927736908,103.74569925759998,775.956195787122,0.1005906173478551,0.08537233961567506,0.08368678027907776,0.05870288352646797,0.19303189810986732,0.0578602280896194,0.6029202341996353,0.8281601224124576,3.1898499770287856,67.59990700769701,0.006901913993386193,0.012141723650284415,0.017923775179113227,0.010214858525114367,0.021413349512307455,0.0024514347100873285,18.893029204264476,20.872355067336795,120.67513519748034,1121.938179933857,0.1279959527955119,0.151675153684922,0.17677242357557732,0.10737934200037987,0.3175088394602626,0.06826613129008645
0.0,18.933226213927526,18.665826678626228,127.98387017542164,1126.128929327875,0.14128733311257152,0.2716319845000522,0.4268,0.18849751335540366,0.29325606089266265,0.07341476293735906,0.8973829428233696,1.847354496425011,5.354603504727021,105.99603909377493,0.009013620631665534,0.05985995916112682,0.11265133737033449,0.0171531614163017,0.04367249452606902,0.0060756327261506414,24.324500191035337,27.83127309656216,160.13233679633012,1831.7461612592158,0.1773696982843933,0.5579239838307087,1.1669927532578461,0.2549329915564834,0.4050214617826407,0.10070270617004695
0.0,19.53,20.16046062649922,126.95317817341665,1189.0776615469033,0.07407930222711981,0.07998855973680762,0.07471118302652362,0.049230373395759426,0.1717,0.054928672586903156,0.6679529987358575,1.304820150249546,4.860001222608147,93.70566139448148,0.0065100711512156495,0.029709957250464974,0.04718401528421268,0.016809455177752525,0.027711368262812567,0.004009137115875762,20.342080307792852,23.082350237034223,135.69620126706965,1301.859190711296,0.08822,0.1802836155267933,0.21482844954031935,0.10987888792745434,0.2367035283387645,0.06451716389716586
0.0,19.679159956010995,20.66479268399552,129.91179079012852,1206.9575528167225,0.08695028012136134,0.08542721650875242,0.1041810545453418,0.07020256645748692,0.1893,0.054054049518449346,0.4744861012505618,1.0489727707493985,3.855915711538823,58.92684500644176,0.005336092441754071,0.016348089292204798,0.023201362338763114,0.009568049037282825,0.028027539941799854,0.0030414463268032856,22.79665143099284,27.700239216744293,152.47727460156605,1609.2100025205316,0.1167974301286377,0.16755179232979833,0.224049483339532,0.11254330279941138,0.3247004652795858,0.07471203064560131
0.0,21.41676832600363,25.590309161283372,135.77750218313608,1411.6023285596614,0.0832368598521206,0.06636127722373365,0.09996321122985034,0.05979476121288841,0.14485980911317756,0.05306844515395639,0.7364267814482597,1.3895047308247603,4.305717819855737,94.21057497517002,0.0061095282346957346,0.012461706547574005,0.025656709140201687,0.011754759230924046,0.010882821367136461,0.002053945206743468,25.371573092207118,36.35438009337768,162.4016954047391,2020.2860142919983,0.1376403458744574,0.18587333719428356,0.2679073974630842,0.15289582422013384,0.22780828131829017,0.07452671051096874
0.0,15.946132139141373,22.51857901709117,106.97873541998254,813.7728031808612,0.1099,0.1641059743892476,0.21590342643315577,0.09146215077945624,0.15056184137044334,0.06664707555849711,0.2867413519496833,0.9809459797396797,2.473346176137616,31.216154869050897,0.005771377771474027,0.03355063923897041,0.041041008483650096,0.012138428942741048,0.011495019178968007,0.004307364723923752,20.355467110359868,31.768222120025317,148.50459207831872,1245.2918168974038,0.1765817458256604,0.5954364088115074,0.6612439095434173,0.21339287260308387,0.26919861927560906,0.10503036595510763
0.0,20.2519632615974,16.277733920066996,135.44308747737503,1261.5757157008268,0.1068201466016604,0.2022672102171874,0.1822704203172159,0.1399445640531458,0.1893,0.0679118529839993,0.9445180500451495,1.3967417041647066,7.366993210801524,115.8960126447855,0.007972737617880482,0.047641953566766315,0.04276543866930383,0.01761557736821997,0.017898495036554638,0.006009077086205814,24.876786700266006,23.963225419420553,170.63054571093159,1877.3300602905153,0.14322254328129447,0.42357783933566606,0.38550388089482923,0.21357385385312366,0.2673966425953948,0.09202929528842167
1.0,11.258095081993272,18.215060203252715,71.35733591844661,399.37875102905434,0.08676496367338593,0.0462574809400279,0.026043760667830096,0.013129814092696236,0.16075953366724313,0.057085086879300195,0.30746484082333553,1.1406029208979798,2.3389072521371914,21.55483622211712,0.010939654205408694,0.01587,0.018580422013101068,0.009062757315333994,0.030254994441067405,0.0026062964302601705,13.062232823226973,25.605505409716805,85.08401371451417,515.6993551922766,0.1358,0.1577839588021455,0.13773193910483655,0.06982636175396573,0.3020670565673669,0.07241493294081645
0.0,16.42159348598466,24.604617968468293,109.3,857.6738696681363,0.09749166015179438,0.10220372655708933,0.09041523837141308,0.06637056126125739,0.17402525273112998,0.06308613368413328,0.8581088772972263,1.3914955278888692,6.111766982617468,88.1439056709863,0.009724467733270717,0.02064075346059262,0.03187374653289234,0.018452257035956265,0.017876481923009776,0.00334288428311276,19.140921227808715,30.70622306234818,125.03099909687002,1030.762458198398,0.1407460411061842,0.19693319640894377,0.231652895120011,0.15270297497751575,0.25561847100809737,0.07950965347189386
1.0,9.830113492952497,28.204533248665086,61.60159038457651,301.4945869072825,0.07708797189093278,0.05277130417106991,0.017669280103624077,0.005046961828190615,0.2089195815222893,0.06452322065410716,0.45941150303786393,2.2358289511058937,3.179271074129916,27.107849352824545,0.010939635003135247,0.02148377163168812,0.018,0.008463089553343375,0.06146,0.003407136734587418,11.870970012487557,36.27614659607775,73.09641605123203,394.6744158927039,0.10823546155127493,0.12603506692490574,0.0919426233465607,0.03846,0.34249091805306076,0.07776820629936594
0.0,18.036353861675448,21.98031148373057,117.4,1076.0,0.09745953384652516,0.10350049104366746,0.09917129042670411,0.06058063448581416,0.17250272462244046,0.05639516107992747,0.4031348887279075,1.1775894237604558,2.5429955118676144,44.91099156881592,0.007975824816468953,0.018459936051340966,0.029453260219004348,0.013476896979278582,0.01467,0.0026615297475931243,19.80820516767982,30.48960253591876,126.96093281818376,1230.8358465598876,0.14185106746208015,0.2106268537277485,0.2686714794561988,0.122066034326544,0.2563885443725625,0.07616051319402138
1.0,15.150651560538886,15.557025799103707,98.1720998300915,703.8532353264466,0.0845530724463507,0.07763407656711799,0.04067861805001935,0.04528519276534766,0.15929681373274562,0.05673441122113098,0.21930204402991862,0.6436696260152807,1.778,21.198145192808962,0.0034787941392939287,0.013928376433002286,0.008830223667819354,0.0074508148201185296,0.014525068669027202,0.002949691622118627,16.596955005993234,18.412253611810343,112.30183607696546,861.8274480157223,0.10144497957001296,0.19612974242927414,0.1779274655678403,0.11329996299081935,0.24500399091616112,0.07722
1.0,13.255650873924894,18.22124573212787,84.60075386662011,546.1959691964842,0.08371217518295848,0.04097161715270208,0.03546278551334764,0.024470269242540355,0.1443795502505399,0.05727503411656826,0.11555074292840811,0.7471929930003548,0.7609306141080506,8.005388126922622,0.0047474418948366135,0.009211832967858888,0.018395724561379837,0.0073094357344453,0.010971795642033674,0.0019134982641287484,14.8,26.421376243565987,94.46596190045082,662.5767627548413,0.1346719560630166,0.13771082992294162,0.21927161685363328,0.10008659645760336,0.2678570939274075,0.07685715364671886
1.0,13.087976614023857,12.365192413282283,82.97900335819729,520.1957636008742,0.08671228624758047,0.05691552216830909,0.029577371250474143,0.02653817103736947,0.1506,0.0602074988053625,0.2355832998187503,0.7651691124287863,1.4372558678547358,18.24,0.005705447500979947,0.010828597141410419,0.013596417285090874,0.00991234230917483,0.018546099464752996,0.002808032255947557,13.880426453533618,15.663777883182192,87.25906476902922,598.6979786093223,0.10715140669797724,0.102668405704162,0.05455720751248298,0.07926,0.2366417339081718,0.07499389806756306
0.0,18.58832622035167,25.117917464062632,126.20161949703811,1076.0,0.12811955122824756,0.2240566368948179,0.250515024728369,0.15832975769529342,0.2252696796270575,0.07397067335730743,0.9396466777918314,1.0217686395867513,6.290744041025593,106.24620704305248,0.006472265373851244,0.02085944563130106,0.028456291728466834,0.014628718411646396,0.017954267023584023,0.003739247998175218,24.22,35.825733789509364,161.59329523641694,1799.8674391578904,0.1909,0.46550429344375016,0.6824211681471932,0.2903,0.4097443478453214,0.12157719405012571
1.0,9.748010537888682,25.253868619112446,61.37678837978267,290.806449762266,0.09285873069377451,0.035758304628249554,0.0,0.003063356327301107,0.13456436493489,0.06105984976259667,0.1924,1.9916548491192272,1.195186304477957,14.50076793131808,0.009829556580481529,0.0024386312469145167,0.0,0.003205516677639406,0.02135152127470829,0.0018577985314949782,10.395897771236447,34.39418242133506,65.19537256293262,330.6512973062843,0.12414676988904126,0.03432,0.0,0.0,0.18214389274459872,0.06770103697151053
0.0,13.749442015287055,24.528081568465158,89.91271169136684,587.8135153559692,0.1039812170607311,0.10355580727701232,0.11696962849837589,0.057276970730466864,0.21620767804159788,0.0540870731294339,0.2118324407998747,0.9206009139404702,1.344,19.314500368571096,0.005254973723303715,0.012289089160598479,0.0232131413810689,0.005951177058044224,0.01467,0.001575092713850765,17.053670523041305,39.1577233355936,110.96898037889657,865.8810163819895,0.16893047334711866,0.3732200045962952,0.518066600942498,0.14987593350726433,0.4376780916666014,0.08030070220074537
0.0,12.792091161964134,17.155444644838216,83.65746966233267,526.503851272845,0.117,0.12044532148778853,0.11200884616947514,0.05705692290414963,0.19079857773705847,0.06877,0.39876767512794437,1.0749310382762807,2.455500916726593,39.16867390724312,0.005414018071274107,0.014879646590311393,0.025325354971279388,0.011692990988227568,0.014621824232939297,0.0030815090810786595,17.322678106572656,31.7143633273299,116.14029099749531,929.3862392486118,0.1790486493860856,0.4107804447465185,0.4994561409974203,0.1968830343185376,0.39532779517058775,0.11903112663333308
0.0,17.916520320443098,17.42394237401264,120.27452303008751,951.8028794321242,0.1171418567558928,0.18507351879505368,0.17834953254029615,0.1043,0.2027,0.06457319526435042,0.3906081113932588,1.0641802271289509,3.2803469910448935,38.6037674514543,0.009093626681306666,0.046416125932246546,0.035544533974307284,0.018492834364519498,0.030244793173087207,0.004025207374210814,17.794388898062973,23.054163877161727,129.0771475128465,952.3365361150356,0.15039885464519734,0.4243632205109318,0.35844335895987844,0.2161663631299419,0.3696222353319665,0.08521997272389534
0.0,17.100527781799293,20.26,110.0191151696141,947.2258190898757,0.10387430053143577,0.11733396541376107,0.16568110599159747,0.08277718053283933,0.1893,0.06032302826714617,0.20566891793157258,0.828122410677117,1.7605358197706493,19.51859930878612,0.005020368916031147,0.024301591157950345,0.02809634927267122,0.012291688612764785,0.019245275324675425,0.0032402897508262674,18.129843461459497,27.757940626484082,127.2146583360954,974.578141484748,0.1433487163407005,0.3416,0.4333262482583618,0.1841,0.3319803170877682,0.09083053476398753
0.0,17.208999989000578,18.673487602512104,107.3149149794044,947.8721481094029,0.09259242002367324,0.070810809630585,0.09712038590813456,0.05954041623234005,0.1581548346444573,0.0563264415634212,0.8339760240841794,2.4123758463176936,4.889607601619731,98.4523486921855,0.008036009651253317,0.02685447105343112,0.04038054330168584,0.016249419137860467,0.021577450774323652,0.005119712402277006,19.767392008000872,24.06246924177783,123.5,1219.9129815395495,0.11310044707504532,0.12765791426832565,0.20293707652687207,0.0932383604763843,0.22933969523694644,0.06593958440378934
0.0,15.254957142349257,18.822009069208168,95.54098030605829,719.358090604233,0.09420861936015122,0.07034943905585575,0.038992885482803656,0.047866281969354656,0.15643344705435946,0.05670199477296756,0.6283378388507469,0.6415447338596089,2.6944169889134755,67.91288001451967,0.005173882728842503,0.009269,0.01101,0.005297,0.007882,0.0019285006152018743,20.98974556130344,27.242929662368873,124.96690093814131,1342.6662121526442,0.15221403522492927,0.18715979826613122,0.2320676611356966,0.13031191432076109,0.26504797904875865,0.09185062935362137
1.0,12.473842821362837,11.866874014672232,82.14805161111072,476.14868083900296,0.11406172078489149,0.16985556982914046,0.08164987089001498,0.042020297234496934,0.19428623775941106,0.07254777801684263,0.3351496726761265,0.6246718730608661,2.5950350296602784,21.813126387464283,0.006962409122568198,0.03175858012116103,0.04438337440308919,0.013672076332781249,0.01794233496604084,0.004389169259625211,13.874448924822273,15.77,92.24596775552625,564.3156283844595,0.14261049897530692,0.31710600363407276,0.23779032327938832,0.10510935377447367,0.26235939848837153,0.09004587433800354
1.0,13.368563088594072,19.327861217024285,87.45286866213083,551.5109993872323,0.09691176916738754,0.10295278277358362,0.06870535879379472,0.028538315176381085,0.19569403919854075,0.06200210980923712,0.4166342814297641,1.8698084157024262,3.774589947711573,32.995078417099485,0.0061453928064579486,0.031945207079056015,0.0398421933865376,0.015270757282520102,0.020865976210748795,0.005367357918320435,14.73,26.078228834365277,96.63308448764741,669.0747133052122,0.12893618780241695,0.2541519206356621,0.26480998293204155,0.09287672010505622,0.266427842691426,0.08491631429277666
1.0,14.352825959976375,14.795677791528453,92.43142050011215,632.8229437589351,0.11005059155661169,0.09471857558841004,0.03264406653632003,0.05243435615099705,0.1885,0.06067757410757458,0.2705704773509584,1.2347015253932276,1.9950668925280357,22.734935441766773,0.007898088844649159,0.011841832443879177,0.0032565986031726324,0.008689901446156128,0.028563589766674714,0.0017963954929577878,15.453551105878567,19.282076416102615,100.55349493741542,709.596958566626,0.1521534210175156,0.1789821861659258,0.1044966212661285,0.10335275110762307,0.31630277908809,0.07036520314074542
0.0,17.91632826264248,26.562714331382335,116.11293743125198,946.455616297096,0.08395754641700195,0.11423574919115552,0.08333066911587368,0.053699314923834854,0.1928545605773459,0.06158429146741574,0.5806813147732365,1.2534431422972065,3.767,57.158757652274886,0.004729111425653309,0.02431,0.03059444152260816,0.013917474153461675,0.018567159987968908,0.0033325579407306994,22.35671210557025,36.32860895136291,149.82787204550857,1494.0070649777776,0.11660216110103169,0.37874519860210565,0.37402403439892074,0.1865197038244235,0.3789260111428454,0.08968733895112276
0.0,19.043940935114172,22.298400790049932,122.65419302988624,1138.0,0.0858079647409859,0.09974530292369573,0.10416916340126892,0.08140190525744247,0.18449540821809818,0.05553996428541359,0.6230356620268191,1.2655443727033868,4.148023943824362,67.3347008113902,0.004381949210806016,0.018459043055704092,0.027343841561333175,0.017010505210878893,0.012713190883515163,0.0033217426868468393,21.10515729024661,26.40175818829921,146.48790462722303,1329.3307491793237,0.10608822654162281,0.19517004710265523,0.24838190328633478,0.17119863412863612,0.24888869661235571,0.07104286279613886
1.0,9.50156475932815,22.093561195546528,59.92382494221158,279.90244325327484,0.07975016980871946,0.03617975823481864,0.01406418479736076,0.005490166485906717,0.13616126488022534,0.06183201597254068,0.17541812189274225,0.9236194399033144,1.1134478240298848,11.102757070748872,0.0054159201259858375,0.006872927801360656,0.015958048812123097,0.006189217087050503,0.0181594596893189,0.002255787636042558,10.756198588287862,27.260748231169643,66.1290753159817,366.2877634803855,0.10392297529416777,0.06752365919278909,0.0704418115685547,0.03846,0.23065018652591296,0.0766191923373007
0.0,15.329683216828975,23.00922940578793,102.4,735.7731796822541,0.08466309164409849,0.10985353714474963,0.09382015108962785,0.0538596634927333,0.1807,0.06196723817722767,0.31813241028159456,0.8331468726569041,2.516636907136158,37.20399814196031,0.003929613912766663,0.026370990771985847,0.025841725936922185,0.009152751755087453,0.015212249231683041,0.003371645599264138,20.96,33.944626020909666,132.85675498179407,1336.70511721437,0.13690770789422063,0.42504908466302455,0.40232580968617276,0.15555171674775298,0.3258,0.1019
1.0,14.961506819363546,14.393891662663576,97.53150684029836,687.7576696061974,0.08740117985528495,0.09499978651679271,0.05415064522888027,0.03718801864465626,0.184684661471325,0.055307234117321864,0.3353452755210227,1.0450953245705306,2.494611758945853,32.98065426935222,0.005063798662726064,0.02221671155687371,0.019868071737394646,0.00917160389309763,0.013429838951439795,0.0018999666752897006,16.85302526663546,21.231596683517537,112.09668214469873,891.2950224146078,0.1222,0.2253777367411923,0.210959965836988,0.10128639742394623,0.2689087341513006,0.0678307575670281
0.0,18.215188592509193,16.31854458305619,120.83205435719054,1071.19669282537,0.10502609911762349,0.1483585461356237,0.17970217276743325,0.11136125256715661,0.1839609575659851,0.06540263264080207,0.8958223532260341,0.8239616792629612,5.416890804363682,95.85712962438674,0.00572333896056496,0.028859387264555468,0.039097110850436434,0.014222522793426952,0.02089009988975074,0.004558923670268102,23.139980516882275,23.717532314208515,152.36483799578403,1603.405310763083,0.14007719194976334,0.3583,0.3853,0.21446236217171205,0.31751567598413616,0.1012601728769798
1.0,8.610100006378534,14.765070208190755,54.18811260575772,222.74290725469595,0.07984240685499042,0.03526575216931253,0.0015233917907080637,0.005134562631332159,0.16299900936283604,0.057795138759952965,0.13640801428483226,1.1529741601181007,0.8457040189040941,8.104274076378102,0.008261582282072601,0.006032829616219796,0.004917255600818368,0.006444566680306808,0.019584129988040943,0.0016410135442805538,9.081926038514665,19.34839699291425,55.40019380108702,263.33323083131734,0.1124496346685169,0.046482364915187445,0.0011439092654844385,0.016654441319816658,0.23490774820249571,0.06290180266136752
1.0,11.430525947119303,32.06098749649941,71.86878146287789,392.08590802718436,0.08791869262842658,0.05740967949501864,0.02990388999409919,0.02072136352637381,0.16537825802832332,0.0615835334104127,0.34241617365299715,2.2960994977631413,1.9605256613915867,20.71997645077829,0.00751617803370574,0.011727266150570207,0.014509345468837444,0.007023142938034073,0.025720803687244317,0.0019592332265158047,12.352282745669928,41.78,77.79591126293869,437.190931068424,0.12186238563024245,0.09602988093254237,0.06234378042188233,0.039847227779139155,0.2694,0.06747483532959327
1.0,11.917178150500112,16.848360468198518,76.67793053644787,432.2068364255262,0.08511808819740473,0.09827381121737809,0.038856623699013736,0.017866153206075857,0.20063285790614163,0.06830891957548418,0.28611343063037953,0.8173020082389312,2.2398719842816646,18.0717827941692,0.00798642763452575,0.03154675701184334,0.025753360386755377,0.01032118776502286,0.03132578972239655,0.005071967573942669,12.817264022375957,18.906415333544686,82.46567783848548,488.6089831875822,0.11085827194324219,0.20344202550416565,0.14513658636196614,0.05730550685228317,0.2972741733032367,0.09118169695807707
0.0,14.444951713464343,20.17567026258501,95.54474221600128,662.2837429290215,0.10580941511125135,0.14299503215311765,0.15944890370716291,0.07631851902590936,0.15830527205895437,0.06416666368290648,0.2535781683836501,1.1541822319909947,2.579982548544944,23.001123431549285,0.008874584407951218,0.033595224936269534,0.05386337859992507,0.014143601014019031,0.010843043441612887,0.00333896011905845,16.340600932124687,30.61679655195855,114.79098383223467,811.9166293821669,0.16406646493481525,0.4464260840277133,0.6813362215719158,0.17192772674037898,0.22940514180301497,0.09567730450407214
0.0,17.466080718021935,17.41728976016607,112.80237741909976,923.4043138087524,0.09870182054271477,0.19331492739919992,0.252174613966153,0.10463701785706393,0.1944037739642886,0.061443941756358395,0.7404657241110532,1.3225425666592197,4.535766138964111,81.84180749249407,0.006137755099232264,0.04846490303632115,0.0634889497862361,0.02207529000291672,0.019373151281485722,0.00503191131621877,20.58639291589421,25.662062273668802,137.95090024744772,1313.002741268869,0.12700557582995417,0.423340674813131,0.5825545287253663,0.22545910825064086,0.27779049169720693,0.08918211743299936
1.0,13.752540957854904,15.848607654577481,88.73,584.8166126204352,0.10288366117863817,0.09618248158305444,0.05968295281493958,0.03737072498011314,0.193,0.06317231968211094,0.27420360008448424,0.7725048328027085,2.0578664846952996,24.61765826898262,0.0060712006923228454,0.01883389008923776,0.02108368233141259,0.010387029924454737,0.01843024821139506,0.004635254184039995,15.490192823933727,22.034544282481832,102.44794808220925,733.1691461327435,0.143517588750455,0.3044957258242084,0.3184977273852428,0.13741018731472213,0.33028226321956367,0.1005970113411725
1.0,11.124633450203385,21.680077901469023,71.38065186510418,382.6991335978576,0.08672459161171658,0.09051041370974058,0.059254763192406676,0.014389632270400477,0.165,0.06930363637153586,0.2370262996031387,0.9133397397700973,2.563873620619544,17.857081264158232,0.005282854285988517,0.030515460471833893,0.05019815938441867,0.008953482454345471,0.01957069081526868,0.006812206770719835,13.081671917313269,29.048774655304616,87.58685945215831,532.0005714075966,0.1256,0.33501544197739913,0.31640380210490726,0.08560034618623984,0.3125257850082156,0.12905642264877845
1.0,12.946847650229602,12.853968017100632,81.36696244678554,518.3671046905737,0.06437015322241821,0.025389740924518286,0.013529963935775354,0.013765111583344949,0.12107246638171182,0.05251181407332703,0.1153,0.5329081894543788,0.757,6.846384502483207,0.0042665229703561175,0.004275965437085872,0.00848554313191241,0.005620136848292606,0.01094052231540555,0.0015326380365564786,13.35319533746177,16.374860500106596,86.33692514978532,575.9596108234862,0.1020815362187398,0.06980421642555307,0.08201827830307759,0.05586129766062592,0.22537185668931944,0.06484888487414862
1.0,12.445429607759563,13.993913481387512,80.51787899375117,477.3,0.0903772688117818,0.07829887848989266,0.03541584297525447,0.0265274862095027,0.17911317013992797,0.0643400188523703,0.2566166332622041,0.6632940464810998,2.225,20.233319142986726,0.0061370180277672765,0.027248915371935592,0.014609114297059887,0.009169305183677685,0.0156,0.003563,13.754640629616732,17.76050223469217,91.7515030401717,595.4058004015047,0.1266702892747527,0.20023329115349572,0.12523040738872618,0.08295983414675247,0.2925077690343712,0.08756564368009771
1.0,13.709411672570262,21.546329579322258,88.98141363958158,581.8597789959645,0.09495196551570063,0.13368953794063548,0.09933959527863481,0.05351438389688534,0.203423627833879,0.06412,0.29726698808303087,1.9245952357841316,2.6615237589837553,25.019282633367418,0.005284070385429437,0.048837738077126845,0.05593764350783849,0.013104339067127466,0.01995882175267494,0.004160210061973004,15.219697811176056,31.277610223083386,101.42323525057908,708.8,0.12726310200962013,0.3623695917884068,0.3606783911459152,0.14027961577070636,0.3201882806956219,0.08752168472821265
1.0,10.742153677663659,28.203053790618675,65.25871392414851,355.3498644642377,0.06966390226392871,0.04094147505850519,0.02701755862532576,0.005155001480379795,0.12818653435205238,0.056762679309204825,0.21024322444451685,2.440045123443488,1.5272395077827186,16.801994019497155,0.004385740158524437,0.012500451398367958,0.016076485538382514,0.004144711697397706,0.013701090598465462,0.0016954820511159133,12.444472443641295,41.25931741388509,79.53059771510954,494.903166926012,0.09446902141396686,0.13860132326265087,0.15377646148901303,0.05061527495782911,0.2128548081511238,0.06826851018524166
1.0,15.194327084917841,15.45963357367515,99.7122745569213,697.6756998524515,0.09459042862527232,0.09941044073492233,0.09614454981787292,0.07057496431767736,0.16043870122966614,0.05544,0.3463958809090367,0.6338380209693469,2.669902404135233,31.214829062529233,0.004997767747610235,0.01371,0.02611491627033966,0.0230342339345858,0.017000950154596708,0.003074054970351062,16.22,16.356986324835912,105.85927884736067,808.994802761845,0.10093903022568312,0.11978532679721214,0.15649741233530295,0.12199957310269632,0.20937442378279475,0.06597160357802531
0.0,16.02738647642232,18.79844193861923,103.72586150952559,797.4706115904906,0.098672127549875,0.11552774815621887,0.11116830938842195,0.059828661462374026,0.1769,0.0622070114758383,0.3335922676361268,0.5504772950043277,2.1285531497857124,32.07112818128498,0.0032495141946691985,0.014221000709109755,0.022544957961674463,0.009034432174175454,0.0138722778743781,0.0027321005398888393,19.910298078765326,24.966722097404,125.25450393417195,1155.074807796432,0.14185894673257482,0.29342983439128245,0.37735524566938433,0.1505313932545156,0.317945097733757,0.10218336888651627
1.0,12.87209920878313,15.657283924637603,82.26913838804582,508.0850208968223,0.08511704104377173,0.0663892862021552,0.03899277772340511,0.02864,0.18468064458628858,0.05926110626611985,0.2526000839859347,1.3409299725959485,1.6482731514552835,18.894578717079046,0.005424102991839252,0.014797052872271472,0.0185601935227047,0.011204005539054377,0.019734859806425305,0.002365704148996001,13.435263250781635,19.92152414427728,84.76700444653318,546.4251288552538,0.10817320862331814,0.11196645815238572,0.09385561912116563,0.07629952027984678,0.2234422366299618,0.06687133943652097
0.0,13.642509865805403,18.0993406351402,89.14119232997201,554.8783778259263,0.09503077777565784,0.13498628643607563,0.10439816317019907,0.05710365611728597,0.2128567441822984,0.0629894084995325,0.3636183180128005,1.0398849675800779,2.4935600230944552,30.06373132113755,0.0054923771577886785,0.03746514872104407,0.03709531327118066,0.01843,0.02429907961955751,0.004235320999844296,17.143182158536664,26.93,110.83471080813831,907.9517546940376,0.1409767590236909,0.4650368496802884,0.4737365420378547,0.18477314115609375,0.4076189704539947,0.1050048775282575
1.0,14.397850527012453,12.879000126470379,93.29706822856055,630.5810365134381,0.08368706067001788,0.06678253968942706,0.020198737572475305,0.03372651029149069,0.1601,0.05967619892859216,0.3777452333737415,0.6597651925245807,2.2834196391920907,33.00567626945097,0.003730138018466886,0.010825021918395418,0.004187766971473655,0.007999248115028713,0.015007214871196807,0.0026062740583474146,16.208476238480475,15.84645437183816,102.10639760273119,797.7496988330636,0.09353461010391724,0.10934474662296702,0.046463258871273984,0.08080711524474715,0.2226725903079812,0.07200637253074196
1.0,14.551019319217147,14.02675393704766,94.1817001344037,654.1221605580762,0.086493206513021,0.062366882135763684,0.026184047556910447,0.029512319923963536,0.19678280875336548,0.05349639974192829,0.30724773869753724,0.6940000668131184,2.2511696156913947,30.496076395516265,0.006663768441152004,0.010818999382831547,0.0070671557537093175,0.007024364054030958,0.01755049178758135,0.0016375379096506308,16.198324212496242,17.370415529964532,104.5,809.1203663196974,0.12355430967547672,0.12348169874713026,0.08654335285564045,0.08098299789240856,0.28155933676102507,0.06185836211887756
1.0,17.060557568428774,13.37733532902263,106.57046255200228,933.0457730954491,0.07684514098919593,0.03689329380303224,0.002074828934821329,0.013295132423565722,0.1203,0.052524900372614564,0.23644671295615616,0.44009226056527384,1.6864225208669321,27.375678105801075,0.004279041684895644,0.008048311179682997,0.0020370429513618575,0.005038225670754305,0.014375032881998246,0.0013589720983334774,17.412482180875838,15.391958299328302,114.13867138608236,945.1624481810729,0.08475539462129397,0.05808948052019878,0.007792304599466769,0.022291795389638453,0.1652,0.05521
0.0,18.22,17.17620889384978,120.70936903620091,1023.2544131327828,0.11697801651329026,0.19546791720892184,0.23074042081386012,0.12624458279669545,0.19471825597263884,0.06313006629641314,0.569377139744814,0.8805814787368335,3.3349124304351956,65.7759654131369,0.008038338470443053,0.037348154752961014,0.05246440633272334,0.015200532008744598,0.023915402726050576,0.005391518591382446,21.195348882769434,22.773363713369605,138.04430931753095,1410.854873683022,0.14931391976400812,0.4240421619325915,0.5395664006893854,0.20191122087751046,0.30763879200709465,0.09872686547604159
0.0,13.849279938615313,21.215336828052102,93.72786415757079,585.8988116988235,0.09478413645386716,0.13788098312444672,0.12029432409497101,0.058400574836556966,0.19919003237765134,0.06309169765124581,0.47088162842128817,1.3253242769411533,4.135939877416897,44.453363603356166,0.01346561971128216,0.04959434609990305,0.05500620296211224,0.01745684953306126,0.027144143020054672,0.004449871903658179,16.345395100941783,29.463787822834558,113.19807460764564,826.5303582160052,0.16047711629735717,0.39034005915368825,0.4047008831977674,0.1474625961959888,0.36263842996614765,0.08470728902529162
0.0,17.933136969062385,21.676463922663636,120.80495615395873,1024.013819288167,0.11487106706369198,0.1890420470791694,0.1910075443023005,0.09433044753658637,0.15649578725139024,0.062461627179809937,0.5978726520638518,0.5412881702540758,4.294181048443386,68.86756471535706,0.007943294508311525,0.034426535689227794,0.052456681135506035,0.01737236596355131,0.012324824898655305,0.003998445785334985,24.506273152903926,26.391155606872818,166.66982543068278,1802.0948337805976,0.17877822704327478,0.61794082966314,1.1408890949690063,0.2574079409651363,0.26984109732371125,0.10825128999476197
0.0,15.299437146823921,17.13849520577965,102.4,715.0752083406279,0.11702851904101601,0.16028378869810245,0.13437332878956285,0.09398687058051881,0.24148638703489955,0.07597040257806215,0.6160025316760261,1.2878492736390361,4.118173657537112,60.66348059547303,0.003978624513774083,0.019573842174354837,0.027133814389564553,0.014202998270060914,0.023945922311720078,0.00511905618406002,19.265092077316886,25.15464896064622,122.84219590472392,1213.9127645780957,0.15152341620705506,0.3749555118406568,0.3786053047971442,0.20221602555426066,0.46759667842434144,0.11076965132504822
1.0,8.735096451291032,15.900944949646247,54.897480560592236,228.05000995284985,0.1075,0.06373047075278564,0.007966918776521278,0.006320564323323526,0.1630612432671906,0.0728580158706412,0.34593495357602005,1.2767025873843136,2.0764395418920225,19.95493352460017,0.009762276517168997,0.011636207827854917,0.010149286779837362,0.007092643604744693,0.015417951304653947,0.004587758219547596,10.277907029978874,20.29548110699205,65.35742859795607,300.9439384920639,0.13845434209525861,0.09784931983053485,0.018332879436379845,0.02832,0.21926377320536775,0.08728015534853124
0.0,17.13969359295913,27.01431099947278,114.68212637239967,930.147344299811,0.10421719249337749,0.1605637034297001,0.16023996838656532,0.08526996815069492,0.19733136612267652,0.06196029918445995,0.7573930272619275,1.0465578045975288,4.814155550426055,89.31944735467754,0.006510853017682762,0.03782297754690347,0.04653939775762586,0.013229242190504236,0.02187419920475999,0.00512418485723418,21.157065264976996,30.755816410444208,145.0862001503434,1432.6257534252009,0.143210465658625,0.42135288756769274,0.38076706097142726,0.15680902859121473,0.3677920796665777,0.09132903355262947
0.0,14.70585204466328,14.629661457304882,95.82256874048059,650.5756785941785,0.1049,0.10345551542008509,0.11223202773779303,0.056224016668675776,0.18959687290331456,0.059762436824404686,0.40322950479150516,0.5503527147161135,2.5797864963293136,40.58445179582319,0.004949131397482824,0.011060593937328023,0.023465094644387483,0.009173285478771501,0.014631132740761386,0.001793965094792929,18.07,17.661884628964298,122.31280144351324,982.656373583721,0.15457259057228093,0.2307734205398275,0.3853,0.13270777534008726,0.31881754094727655,0.0819855794990513
0.0,21.155054977646365,19.825287636176753,139.6919129667324,1385.923279578084,0.09928959026768154,0.12866039739568377,0.12009837838877864,0.11071719973620052,0.18588619608513723,0.05476674617050688,1.0997301770123329,1.399509801669266,7.931221061056595,162.7846287392562,0.004833220482094205,0.03750127338128266,0.023195961858206555,0.016927496337485207,0.02045,0.003739378593760185,24.75283758879325,23.75522054260151,165.9643096493165,1936.3256972296313,0.12495679822885655,0.292,0.23195404479500073,0.17692187781045934,0.28330779399722367,0.06601739786586645
1.0,12.87,12.28224019381454,82.58649117408135,509.0933594539067,0.08673000386649404,0.06929625784572242,0.06678303270005542,0.03527302071437515,0.15209789971594617,0.06246043985764331,0.1532,0.5872197865776566,1.2367207014762926,12.240225424172335,0.005554736122159051,0.012580835612024964,0.01793620980532639,0.008356617608870248,0.013729857291713533,0.002970341562465617,14.335849130431594,16.93,95.25412504197294,634.5418679706634,0.13273596184964415,0.20960753121279327,0.2902438882852868,0.12201414690357847,0.2772339480900693,0.09257327120678673
0.0,17.28796825877606,20.445073072347714,117.32696044485556,953.1238905269328,0.11697637230881988,0.28636545805431496,0.3344438314266242,0.12430558319454423,0.20380874525940118,0.07812500728786254,0.757515038878895,1.1940192433751904,4.601192107680656,90.90549787819592,0.006399,0.07199979607567562,0.07932215675079474,0.0148573337089493,0.01692900486247379,0.010357811438789182,22.75,27.322616446514868,151.84017069353212,1602.1076711445173,0.16397332225921007,0.781212721419564,0.9355462640335652,0.22155172656104202,0.30167821400963,0.12664869373814297
0.0,13.59239922062188,15.091234886142557,87.67544761934892,533.0367111914463,0.115729695003615,0.16738282881557376,0.12014000147521654,0.07801916481213048,0.22675219739643823,0.07303056455843267,0.30650647178773177,1.331300849254194,2.371680503747215,24.049931002317937,0.004590256767506172,0.02857282077937516,0.026862903075397997,0.014797863534026604,0.022574920202865403,0.003937636823052914,15.262730303275394,23.730542859988233,97.12829277780969,698.6915862692932,0.12409147424323537,0.3244621154588047,0.32053787009379336,0.17295888598916637,0.39703377264737516,0.09215605756333206
1.0,13.05,18.345415250823923,82.94978697692291,529.5560791486052,0.09442973516888305,0.04910604951910871,0.006954148958733065,0.014113052841392785,0.14952482909691917,0.05912679489338163,0.1772516563540314,1.2881150514651034,1.198076557697431,15.747744040457649,0.006509830388296707,0.010447880486733055,0.0014762400137256408,0.005155434673961669,0.01171853157227918,0.002024346825531936,13.893665241018502,25.470840499098294,87.52943152796688,621.9503747040293,0.1313,0.09479610865598329,0.019803930105206317,0.04305648249348515,0.2383,0.07378897557261743
1.0,11.94,18.296872269138326,76.90825290350793,445.2805134289578,0.08191283290458175,0.06996360880923372,0.037261201506551204,0.019674708498684686,0.2227173740744047,0.05925388151778685,0.2688529268376832,0.9505868667769067,2.05741235315263,18.992723896787425,0.004880246584868414,0.023330168851184614,0.015701241198705574,0.006283315434710577,0.03424972319144733,0.0024074004168492228,13.160387232458172,21.496476596929075,85.96591061593632,523.4608260054425,0.11161535928896088,0.21598989881816216,0.1564,0.06447459598449552,0.3769989484624935,0.0767687798983529
1.0,14.210671546666799,13.380446109251674,89.55350104844142,616.2059782418637,0.08864477426729343,0.04633589378889738,0.01859461458221379,0.028331062485571237,0.15799441639597778,0.055428292223684505,0.2272745731745335,0.8731839383051153,1.391580812501221,20.033915613794854,0.005833823270219039,0.0037241268202251286,0.004560765213597275,0.0069928432068532805,0.0156,0.0015135262187977552,15.66618508965149,18.12083673043805,97.62739495696123,745.3666835675622,0.1234,0.06457688089182896,0.029141248255639463,0.06980498466755573,0.24485824183364022,0.06197570960678051
1.0,8.041349494813335,14.767701372477202,53.818861151428564,181.38453366811342,0.11734642768078807,0.11962949164784459,0.023506220103643567,0.012001224198174405,0.24803693076424216,0.09575,0.30298173749788887,1.5597651193676008,2.042097906791083,14.68951776112663,0.015672349193108868,0.03221846560404128,0.018077564875891308,0.009264696355137656,0.06146,0.01103692995461534,8.741295658445267,18.214864329621246,57.2358074318732,212.38437244837567,0.15204750387609348,0.21125577227304046,0.05623188815346583,0.028299936202873903,0.33936652028813313,0.13020154541988313
1.0,12.325819521128816,21.499246879202925,79.9006968832118,465.1647770462554,0.08926404685609417,0.08015022445049669,0.04421862689970278,0.024674642316001423,0.19549324884241945,0.057802504069952604,0.2090381721714831,1.563,1.729417473928279,14.91,0.004938272066542598,0.015779271011343746,0.019807130735419863,0.008231765216334298,0.014870423865315313,0.001954129475965825,13.876588214694419,37.16230155387752,91.9919621549654,616.4692919384717,0.13382452529095115,0.2548839168628834,0.29125663797258483,0.10462628922061004,0.30562299321894293,0.07722
0.0,15.70594758309995,22.58251682961941,103.06837277552775,792.7779797207447,0.09443527264161165,0.1242204740433018,0.09269354175471259,0.05907279856508421,0.19322231995847536,0.05533488125190189,0.5921382377638591,1.3623620459362762,3.0379744497393943,67.66044558189971,0.006410820270619544,0.03718056738048762,0.02859234636853104,0.011296813287821336,0.015429909131652996,0.0033242427432936266,19.848349659853366,32.275714720386304,126.3548722214484,1227.558980357115,0.12809215643999267,0.38657739750304865,0.2842797453841791,0.12981669381579905,0.3098479819189168,0.07631235826513849
0.0,19.745062641314323,20.52,132.2757750104246,1207.860339185964,0.0904812966765569,0.11284179212445014,0.09884208041006311,0.06526956472386042,0.1467,0.05572229147822572,0.6308584982985826,0.7867368065425664,7.091480632369712,75.07979348652339,0.0063710962288148505,0.02828226155350911,0.03881071951443655,0.01681249586334146,0.023295948632371735,0.0026606398464124425,22.25,24.47574553209034,151.90604488864105,1371.2588869353767,0.1041943232846586,0.22919968254332812,0.28610579490534627,0.13488124159636072,0.254998001922004,0.06545612659623584
1.0,12.47881362507967,15.608324258659266,80.90047593770667,480.12357238571917,0.09245495337932962,0.1147,0.10570146203910484,0.02656895393090427,0.17172007546773993,0.06343332347110195,0.3115108294415656,0.7956861910729531,2.005217038591046,20.945540968699596,0.0044764175300716,0.041659030986329594,0.07432374678264796,0.010068300002331866,0.03098682644629222,0.004602158675708863,13.35,18.198193855181255,85.64890876899331,547.4,0.1076657106427735,0.26000178899736553,0.3069205815810736,0.07164698218696597,0.2806,0.08058924632607052
0.0,17.131646938358134,26.28633606389873,111.64309292387526,904.0674127028884,0.12749112843301047,0.2195627821955014,0.25571397605400936,0.1386592749298621,0.2395139312338555,0.07325320357256866,0.30047764272858246,1.258709912709211,2.362322049061106,30.585245269908906,0.005570956225364245,0.028614213130559417,0.032321491687004995,0.011602035472926849,0.014761927106356222,0.004428082970795013,20.525501918366242,40.717261876352154,137.25828502569564,1289.208631009408,0.1909,0.6131448613649287,0.7189551389508733,0.2597115933314412,0.4406569059654925,0.1406549033641101
1.0,11.94,20.00448439833621,77.87495622362927,432.6658731626829,0.10125096226637126,0.1214714069239899,0.05984028849561583,0.02946201063383006,0.19910155364607232,0.06868773535885989,0.18032446013647466,1.913384796878097,1.5275547676051926,13.057373872762094,0.006660401501291413,0.03457256323077556,0.030435817017203676,0.012877719428051876,0.0187,0.004167067445667392,13.197176143104825,30.03695294691253,88.12589534311407,521.5985621210014,0.14052345983006803,0.32102120454484595,0.25697112968381214,0.12183356113295778,0.32922904956817384,0.09269457281792381
0.0,15.33874824698644,22.624480062290935,97.30053465279755,731.9386403648462,0.08213182454135437,0.0484511935416648,0.02398,0.02307,0.1505605818403116,0.052782384033054554,0.42096292228406723,1.4042129212697207,2.9438178023605355,44.41,0.004928506584188818,0.013857165030528357,0.01636884156309072,0.009230041412271909,0.016116439770708223,0.0019935331005622612,18.07,31.605762484012637,117.7,1028.4200607422285,0.11107497798897246,0.10308976721575108,0.02398,0.02899,0.25663769412194076,0.06271746040498082
0.0,19.069014223885258,16.904207580754715,127.9259263539186,1139.988879606705,0.0982845739228502,0.17967965364064656,0.19531854975562166,0.11486999810429947,0.2479737142697604,0.05754493078193712,0.5701748822979895,0.912239784565606,3.484647771435135,68.3906724497362,0.0075338565971087915,0.034221407724757395,0.04077972367605874,0.01627355683387936,0.055960230882011484,0.0037498166522835098,23.325672994891224,23.098227985775225,152.13157424630504,1623.0,0.13115037693610243,0.3743389566986211,0.42919719142004853,0.22425956766541827,0.5220411706897712,0.08379327235360261
0.0,19.53107301065696,19.776796266803604,127.66656370587313,1148.7764325411447,0.08759394908603263,0.10895186085846352,0.10437125276997673,0.07339463994130237,0.17297528497678719,0.05648431731302946,0.7042731000016323,0.5156731472019932,4.540127408238598,88.66344413472657,0.005483133137848669,0.025585773249447188,0.034476055130630755,0.017440119942824295,0.016669880735374957,0.003777333507488488,22.548036131537533,19.54014859699696,147.62652443620945,1567.1457690033023,0.1138710010004491,0.3095365665748114,0.2678334434444672,0.15588031113899298,0.28097136710042186,0.08217207200091259
0.0,14.938776804607663,21.935873817307417,98.8801607690001,703.2230336332966,0.11162656483664403,0.16021544879978958,0.1974,0.0853187674173183,0.1953,0.06350291405955442,0.660262380712511,1.5148526430087765,4.542845943815989,67.32473755784953,0.00810404422925941,0.049602845519971246,0.055326940146581606,0.018841940266910644,0.015940801903206687,0.004569783019194877,17.116572568608877,28.06623895904859,113.30996738404453,919.6072270906878,0.14370431748086102,0.3826060880377182,0.49806856569805497,0.17765772998521617,0.2500489419110264,0.07873460149168807
1.0,10.445827314298318,13.431860268242646,68.1123878055012,333.1478886399022,0.09967247561054857,0.08499355835908044,0.044744307630629,0.02282299745603015,0.18805566879699717,0.06977335134429706,0.17233012753423121,0.6088568791108908,1.354807590374335,10.789232328787588,0.006048487066696961,0.014838065129338732,0.023206289780339,0.007693880304721063,0.019873955553117554,0.004605694375363503,11.372192449899071,15.956473450193652,72.45229419423775,380.3006356083022,0.1309047782148681,0.1791598864728162,0.18697656697186354,0.06546228933958617,0.31105991353872386,0.09533058712604142
1.0,12.430707379958022,20.98479388497897,82.0127364238096,466.55779870749905,0.1231886724523506,0.20045061326752184,0.09747758152483776,0.05331860157459397,0.20167140731435917,0.07317082955191223,0.6125867668392696,2.1930562298434872,4.643344707031502,49.01128509709423,0.0072085471504086465,0.08344521514801302,0.05174713773491433,0.01841263828215156,0.027304564153812143,0.00911529497808086,13.098348976658892,22.948577858208747,86.95558855926596,531.8130889102217,0.1213,0.29501838047006773,0.23985324130848484,0.08295588032355329,0.23037624644755553,0.08279332099439578
0.0,17.072312766307014,18.239938284622205,108.12606816504523,914.0135834194035,0.08676241156086695,0.06777266211067363,0.054444512700630006,0.04497235148633023,0.16476524904405473,0.05392261756881085,0.3143547375435873,0.9622513386708013,2.401482283077826,34.653985731705866,0.005637128044475725,0.016400208590186465,0.02356431001569453,0.009832777321115645,0.017018492688508573,0.0023605294556391953,20.365469192277615,25.84,129.39629377505568,1276.017950864312,0.12973809657427784,0.20519237928495354,0.23213543020506175,0.1219603250953749,0.2908987751388821,0.07629868508968998
1.0,8.734568611705367,29.330131789980335,56.78290968494221,239.65028826137075,0.0927559992519796,0.08333616097553757,0.049141334705923086,0.021667905376898625,0.19666943584710317,0.07111662711236559,0.5406075253929913,2.904,4.061529160152097,29.84842772619262,0.016405223588606525,0.03175116117388674,0.03037196909017035,0.013941948246643321,0.03911691809616118,0.02193,9.719066997279933,37.16097644512199,65.60012908764445,288.2051708650589,0.11986356039182976,0.1352,0.14462595702071973,0.04884747298136925,0.23708158782826994,0.09213608060413686
0.0,17.87456455503741,12.663324586809125,111.00845323897953,995.9189285166406,0.0868379587391945,0.05949321354424246,0.03610373775598511,0.056148171161298506,0.16293595943704525,0.05005016573305503,0.622315965714996,0.6364029173118224,3.767,70.24825321214625,0.006779482787453473,0.014101358976801984,0.022232604034117403,0.016121999507799314,0.020974379555055666,0.0018006780592658017,18.73326986070366,16.67,118.75872648122662,1052.8130479349568,0.10234110868731935,0.09465471016506051,0.02398,0.04328723581184029,0.23684859456411936,0.05504
1.0,11.61463833589688,18.32,75.26465678908633,408.97320062105615,0.10801000057155437,0.15322545972349613,0.08250170222023215,0.043080637620618915,0.2091142158404839,0.07125031030724485,0.42193134142763167,1.1749088920117636,3.2508373209375283,30.237459270282642,0.012899642673494414,0.03907719761840761,0.038387182699850184,0.02094194223325914,0.032718948069855744,0.005880217698427835,12.761852072243123,19.24519826874595,83.06450767338035,492.5250079904356,0.13674710085040565,0.22756304115000792,0.172999008095486,0.07926,0.2807554828574871,0.08106390636449622
1.0,13.083191461318552,21.43931840949387,84.0938603414638,520.0,0.09661895002750041,0.08200982013309731,0.06832844053833943,0.0425666163638903,0.1601,0.0595513013485049,0.3356003376313537,2.4358825109346403,2.610548167452709,22.75760884540971,0.012889342884116617,0.022198448820831416,0.025867055241628162,0.015042471051635732,0.019384341942388653,0.002665982282578262,14.19,30.40455445825592,90.99962476672881,585.8143610289192,0.13250136894158362,0.165,0.16411557606279378,0.08157540480786059,0.18955588761765754,0.06702367956207793
0.0,16.64391952491925,23.059327014060674,107.1,902.465708807406,0.10132234871024755,0.11114238518406423,0.11098472747626358,0.06678970129742302,0.17646271248959855,0.060431968387814776,1.054932639359165,0.920841873953172,7.352037634841096,119.56955505878871,0.005617060183911604,0.011662524007701645,0.015402454768038261,0.00848058945933975,0.011160233354974422,0.0022429103810471464,22.290074228268768,28.9385263139304,148.5318600838632,1646.8814822289507,0.14801539129223637,0.3055,0.3178743307257785,0.1588698538532009,0.2549494168866833,0.08243133300176517
1.0,13.21,17.934100586307625,84.07803337975733,539.2740709761893,0.09741393767646193,0.07210316552084824,0.035412389905086494,0.0338373312620509,0.17979085278694115,0.06418744627695218,0.2957,0.7957584056506928,1.778,23.33127058064387,0.007256434445986829,0.014163347474219257,0.010191191866782742,0.009158456149163845,0.019579952221216605,0.003594758549115899,14.843835578802935,22.75,94.16803794462136,671.8702057292476,0.13678426467650562,0.16349918074346168,0.1280539929780169,0.0918412408567451,0.316913780210044,0.08659991344294736
0.0,15.13241023027365,17.685548051148654,98.5613131445356,711.1480263944874,0.11620770755808071,0.13281878649492035,0.14622433552433478,0.08313959578632191,0.15896331795195798,0.06416964944085012,0.3397830727578869,0.49572431111858434,2.4456727454641296,33.16023554601618,0.005786451968159163,0.01608634505537603,0.021362077230571194,0.00886957437375258,0.012885127875990509,0.0025444434586503403,18.778236459417577,23.33125225118053,128.4887661477392,1123.7302760617183,0.1779608284837157,0.374817868880176,0.44140584271692757,0.18586285727445204,0.30410758413353167,0.09773127272594773
0.0,17.77107820145376,25.1175319256839,115.88483563681878,987.4304685610696,0.10388997384147952,0.09848843253884375,0.10467300183255204,0.06527264794563528,0.15547061515177024,0.05717601309129778,0.6204496811835221,1.4755396393766447,4.59638874390642,68.18870375202026,0.008023743086791933,0.024483317349483284,0.03414943661332618,0.010878067888388172,0.01343566990681725,0.0033855356255335285,19.920867556959557,31.585980598905717,129.17385294903974,1268.759951040475,0.14094234140268747,0.19221237676424185,0.3015963763538083,0.1121940499616137,0.2147978820284827,0.06897067339554587
0.0,13.05495372189109,22.15,86.84082073096234,520.6657800023554,0.10386158057016519,0.1145729781636144,0.09861497015062898,0.03633145648577718,0.1907621449334521,0.07073078463763781,0.2048218232161384,0.9725595531543165,1.7555318917478808,19.250134368459847,0.003910751139529101,0.013790757512995628,0.026575752042675642,0.005745689102374931,0.010631986875928152,0.0016925416795558726,16.379569890612196,35.73365241080796,113.48042341062609,826.9818076144979,0.1646741765060025,0.42771087215190207,0.5904576400796759,0.15495343451702545,0.3718343396736587,0.10249791836559888
1.0,10.887233921274971,19.897637343880984,70.95190875493552,362.7915218865987,0.08872936060070888,0.07695101218555819,0.06661347567441524,0.02417231965604736,0.1872,0.06473703148322596,0.35890242709398046,2.306047119943674,2.1981535400593115,25.096639641382808,0.008428379784634975,0.028433121146795703,0.04311259619579063,0.011111707393193873,0.032794513256993924,0.004818840323718538,12.503449464323491,27.631595227442705,80.78601399272226,476.00037844238295,0.12781646146239653,0.17928129913167737,0.23880811103790464,0.07629371591431444,0.3152923921455046,0.07916811560206585
1.0,13.376286093848535,20.03015568375888,85.30785908689417,558.0367641190305,0.10365551579199873,0.0821263117946959,0.04456139080042217,0.05088732712078501,0.18287103260393534,0.056018050621019985,0.7311,1.0787116954261056,5.118,53.65,0.007309688824721987,0.017928959388766052,0.01652,0.0158,0.014483431397691704,0.0024557499675072762,15.380220484047124,23.762237687015062,98.40805475134071,749.9928612352868,0.12319825465870186,0.15932069362737614,0.05204330519613353,0.07878875534815294,0.19272910289441206,0.06654780640954952
1.0,10.503000694220553,15.651721215346324,68.83448389493536,348.48120782404567,0.09638294884007392,0.07949220268004793,0.029798686828995585,0.017792674076338926,0.20286696153058148,0.06907929062742597,0.24079992082741467,1.2826956539509613,2.0389381144477126,15.970503051032994,0.005914799292383968,0.030888707578838763,0.01988813133348466,0.00866058797243087,0.020219090217053256,0.003531024416862629,11.631758851501994,22.440187918203307,76.37976742542135,434.6791395506433,0.1341,0.2108166316302317,0.16720084906985333,0.06500021639722485,0.3306798824675336,0.09180980623262894
1.0,13.862354367387871,19.546217907490096,88.11851193308958,610.0390142941202,0.07148912293430944,0.03661891540786475,0.019757204805595535,0.018741329478461008,0.1372300497339348,0.053862293653119286,0.17869996322790954,0.9089104250577936,1.243,17.41959185776277,0.004576790868589323,0.005749165400635735,0.006975541535341433,0.005212026861208936,0.015388975094465086,0.0013697391801746669,15.34,24.386643070795255,101.33989188032183,749.9152691638653,0.10432251626262111,0.07631702012843895,0.09192025764148302,0.05738972130420872,0.23538890938013352,0.062319222267542926
0.0,13.161288908273372,28.123242874638482,87.78603774287136,544.3876336769429,0.09966572938654139,0.11099046331988284,0.1204,0.05605973511890571,0.17374701321235117,0.0674325252115484,0.21192873792616154,1.6186462898879639,1.8960059680685208,19.56873477707257,0.004740339498171733,0.013271023352813814,0.026741551834868538,0.005959305372682151,0.01169092806279463,0.0017820380548755931,16.840818678236715,49.54,117.7,873.5755066052359,0.15660051988547535,0.423837280169054,0.682750806861767,0.16623253499408142,0.3103,0.10521268523141283
0.0,14.694578490514624,22.15,96.86091052602085,677.2643406328119,0.11073642586430221,0.15595466982821993,0.1674371910941207,0.07756178222321125,0.21132328681567913,0.06917007375845959,0.38673063155712645,1.1060826559080459,2.629374233172498,38.94276042560256,0.007546301499742795,0.027145584304938884,0.03572520637425405,0.010616389946623768,0.021404613368058302,0.003869912479827931,17.224357344253725,34.29252186217377,113.68746939750362,931.5180676616599,0.16296302412577351,0.4107917533307019,0.5796831388665387,0.16738187112338843,0.3660932712810345,0.10247763985258254
1.0,6.981,17.471570130729237,43.79,143.5,0.0995643573521891,0.07809421497983188,0.03103720606137566,0.011272682383298444,0.16565260899588613,0.08898361763029203,0.15580250519237598,0.9800553277770204,1.028613461570084,6.883272110319069,0.01718096850164692,0.026696349853999345,0.027572338137385553,0.012685893893569965,0.01870261260909402,0.00940334015699457,7.93,19.813241815741154,50.41,185.2,0.15005654973861243,0.17853799597403058,0.11629118300392827,0.06899921030197662,0.2277193521826118,0.12514819701367347
1.0,13.145034402072275,14.958805928517675,84.0709345519597,537.3,0.0875384912054413,0.06455394615722088,0.0469802788752762,0.022739202574332755,0.17985277365300137,0.05827433343879047,0.4054328326814837,0.8082731170250155,2.494909032277758,30.581745099331574,0.005048123017594051,0.01402650459688343,0.025810005724379116,0.009888349888324814,0.01536,0.003096312230820769,14.972927787007066,20.594499377210866,96.67230418124592,689.027676339733,0.1213576334120467,0.16210553106616465,0.17896576752163257,0.07911,0.28111711202902145,0.08006144438649834
0.0,16.253424005920518,21.433478259918072,104.71176620801245,817.2634845990253,0.1049,0.10941144445934864,0.1503870499215267,0.09216651272783319,0.21493150724834129,0.06082868006145477,0.44529176276158916,0.8508684584879033,2.746916898128099,51.041693162334575,0.005222476345016872,0.014882749715966873,0.028074826036581606,0.011100840708837047,0.017995863457035674,0.0026587413411699214,19.80450636307397,26.27302014392776,128.32200984827782,1232.3433047543524,0.13881653324677437,0.23571706965053338,0.3998136719523467,0.17752408013282284,0.36125890708625735,0.08452230160205366
0.0,19.53780688575913,17.3342933482754,126.26997589621237,1192.3758342551037,0.08698140773569206,0.0709420220150402,0.06121653148714849,0.056029388543949,0.14396294152882638,0.053381268343364485,0.9650978280413921,0.8256654365073748,5.504848476443915,112.93411638368576,0.0049786902922517,0.01459858131675502,0.02657616400675611,0.014790788583742723,0.021157750940347074,0.0017246024667424019,25.37825815234626,24.98689523697493,165.97146213249007,2019.2652079397824,0.11315639623714864,0.18694464505644182,0.2802745455755971,0.1658697371906777,0.31563611961337157,0.064252396548529
1.0,12.46,20.944961496950395,78.1200335739864,492.7333182545016,0.07440452352502847,0.03577811875981268,0.0015456134498206034,0.004195146090110322,0.13516300149845928,0.054252322435504985,0.28816973585885297,1.2610282205781629,1.7520346420861301,21.41822086185081,0.004255316697580668,0.005693804363304013,0.003246032931652188,0.00528932488745784,0.01723624637295995,0.0015205802069127917,14.19,34.12816599035646,88.9109580580255,634.2079331518331,0.10269154014824405,0.07299194711177401,0.0325220573889279,0.04169382375208624,0.26071389286268654,0.0664195232541114
1.0,13.64,17.31067187580588,87.4475176018387,568.747567656854,0.09573544165939409,0.06397473806901667,0.027934930481607632,0.02823823848855327,0.17791053879022126,0.05903001707279991,0.5210303771575047,2.2643616236804065,2.983964885167388,49.00833390735835,0.007886916350008656,0.0127839881515553,0.015781578158743925,0.01052,0.027791947168816312,0.002375240664319779,14.777570503952607,24.400302063124194,92.36879710754188,677.6785662204934,0.1222,0.07649624155516127,0.03060458800113002,0.05507047078223901,0.2636869837673405,0.0641812201500802
1.0,13.62114276103052,21.510744676608688,87.18434504372064,572.4563108326068,0.07559022725045873,0.05231937129121161,0.023566363820573775,0.02070225001624575,0.14989621247955887,0.05497501295495141,0.13064844355960964,1.55418178154229,1.032059376576568,11.813285223896099,0.004288527678004322,0.01080323279009654,0.011486064754084877,0.005196092157154791,0.014872601434229244,0.001785022195603592,15.53,37.012613132275966,99.18844041910769,726.6749547327049,0.1201447912897753,0.17561287963031355,0.13674918178972414,0.08500100811578444,0.3109007384656193,0.07319805130263281
1.0,10.331672791673006,21.313302712901987,63.989300048781,334.2244681046252,0.07365089790555078,0.026575561325284325,0.0011909335173657172,0.0,0.1557820277227409,0.05748579901948614,0.17139096751882252,1.5547393663674576,1.4739638878340264,11.552787957236877,0.006663431574603878,0.0061685480712013446,0.007903653459626165,0.004972709194400513,0.01938,0.0019610042245612872,11.259470223872384,29.061707677741456,73.10550541162176,410.0508079853197,0.10633180550010068,0.058420929370897594,0.020235336952610837,0.03441888704199533,0.26600253079130987,0.06875725578974809
0.0,15.05332275889902,28.224606290425122,97.44389274345234,705.3641726734054,0.09667545977588854,0.08604423678746585,0.12301611902323205,0.05738540155562256,0.16099228779378652,0.05477522673668617,0.3055674054467727,1.3606013977365545,2.4071393462217365,29.64238987321455,0.0064888538120517715,0.01937183926052305,0.0370904156375529,0.009395907755363439,0.02045,0.0031077889361463733,16.52393373998231,42.15789475343725,114.22231662012675,846.7257291601481,0.1426587924309794,0.20472994785205142,0.3938779360623475,0.11975181540273168,0.3108353180363688,0.07818427427406383
1.0,12.96587980859427,16.168692659135715,83.81756870422515,513.0916686376852,0.10087862601602965,0.08435746545467555,0.021341249659713818,0.01631227300221206,0.193,0.06806612358160316,0.2571811813395431,0.6604827742189471,1.9271106974881542,18.36144763475993,0.006285642210562023,0.012472844050588416,0.009259432430700949,0.0050202910508497095,0.034914905852654284,0.0037042868752334463,14.2,19.76136174263774,94.08045005623661,592.3988792479252,0.1405226243091679,0.1808,0.09062016790807652,0.06274255794724498,0.3654474312554954,0.09258727352852202
1.0,13.702370780660294,16.914226089915726,88.51933576704369,584.9802386722982,0.08632906720552398,0.08193354272599153,0.03546007548849779,0.02460278726758853,0.19968211254251958,0.05828209256630092,0.4033522623416363,0.8135713460535168,3.194630282204173,30.33517100868769,0.003721677475474239,0.027291237492580705,0.017986232612817166,0.010752537294707829,0.023539205855518365,0.0023516241999833754,15.042258232585809,19.620172960468853,99.47824117353869,688.9007862965113,0.09542022190400985,0.17973480407301604,0.11603414608085856,0.09221715620545345,0.2972,0.06697743443674607
0.0,16.7007065665764,27.945410454871574,110.91933811090699,857.8277936927177,0.10755615251088456,0.18589872820515557,0.24790467814679468,0.09290982229187732,0.23977163262450163,0.06282753056054549,0.4266300626944642,1.0983072832808096,3.7356891703569706,43.47506585981122,0.00785080556984184,0.0541108219586655,0.08150109953186235,0.018354434706354315,0.03798284714904999,0.003915622051594453,17.997116251994736,30.899515350011715,125.28253643803902,972.5485057019221,0.1414572049654179,0.42582154925848603,0.6123232508398747,0.17851583005125757,0.34764027987415064,0.08219699832004002
1.0,11.26,12.855123611053115,70.7942980570071,382.28273390607296,0.09729072393452978,0.0769366393238335,0.019955851766511774,0.011672606968124602,0.1718,0.0646692653477845,0.13079402368583956,0.7179335440919473,0.7683332278852513,8.957211729078294,0.0061608582052900375,0.012064638740565702,0.00709047735601551,0.006322873894394958,0.01480560205781001,0.00222410634197786,11.843689290351296,17.654497136233115,72.22708070302153,433.9074063676206,0.136759703078038,0.18804306035647467,0.11048387373614099,0.055721200503238956,0.2886349072593351,0.08293681846240251
0.0,15.317426471545783,10.38,101.76360690987958,712.8636129350156,0.09401,0.11376042203504096,0.0921174437352679,0.05840028554504242,0.1885155778983829,0.05764221776980607,0.43807540598809613,0.7778309992364869,2.484876385351282,44.32295242185662,0.00587385757060535,0.015055686077192404,0.027851244640398686,0.011426318089758542,0.012885417165280084,0.0019500383498562569,17.789666434351123,18.953795631990257,114.62171036398632,981.0641153973959,0.1401,0.2891689652608261,0.3683907215879805,0.1475327793372797,0.2749022113953443,0.07718296214833956
1.0,13.011889665036666,17.935386848620745,82.63727092451907,528.4808023928618,0.08098823321225712,0.04994,0.03342803744527409,0.018626896432874563,0.15785526993062604,0.0553067110964015,0.3138030807019994,0.8720080933209653,2.3206271518887824,24.678641334426988,0.00570904119131965,0.009986916242388432,0.015215783859730549,0.008234607731078342,0.01527866033419861,0.0013649061239765189,15.037091059323123,23.511571396281482,97.69296865393511,689.0215164577157,0.1234267955434697,0.1352,0.18898688572382907,0.08309338229212455,0.2614948718439841,0.0657651815025908
0.0,18.29574184055257,17.821777887706933,124.20215133982698,1076.0,0.10522142972596285,0.21449193168050107,0.22971293155165662,0.10609866680600565,0.23952944287492303,0.06278144410242076,0.8683086828768207,1.3366971244154033,7.352272644002454,104.16199679506568,0.0063392412367384455,0.0660353166392464,0.061296904450039796,0.020605396108581905,0.03903479822498185,0.006205515174114221,23.0054570661297,23.12405514460002,152.49910598165272,1645.004997727489,0.13146822902442648,0.46695503186604215,0.4433131756342187,0.19693115119936797,0.3589951198736097,0.08906624357939677
0.0,17.01853382482217,22.39683986898371,109.79808706398228,903.9170559084895,0.09056172408779156,0.1338246516312984,0.1658989377819986,0.08673341838803823,0.19725450798879274,0.060552964973587246,0.4205276052364695,0.8893687098433795,3.0262296967003826,44.478473569636826,0.005424272699618156,0.032136641650250854,0.047744485357543005,0.01611834357526683,0.02230564362427266,0.004119981893517016,19.830403823646364,28.35091795213419,129.7804357783363,1223.1930476008993,0.12760320201360797,0.4187720390113605,0.5754112966527207,0.20771273205773758,0.3748257412093264,0.09780422910801008
1.0,9.288925657511056,15.906762507558515,58.88063267867616,259.558021696835,0.08773722270190618,0.059697222777622426,0.01973707042760622,0.01169422835359881,0.17062947208481305,0.06461265651939603,0.17791934423984776,1.9208742688355764,1.1088076069328543,10.531667575333785,0.008873380345556023,0.012333071582447033,0.005943229370732311,0.006021548501343868,0.017170717726559717,0.0023775860714661304,10.094885417182509,27.19590514370905,64.48282829693473,308.5959589107872,0.1313,0.15653525835089177,0.07153961803680903,0.04027190034963103,0.25442606039055726,0.0814542050518929
0.0,16.02823242247402,21.48598200175338,103.66152667728167,804.4013438615298,0.08460821668855252,0.08563769111531033,0.09324490499468448,0.03330121637414336,0.17281721473774037,0.05079985805552866,0.2410486816321845,1.331452845348474,2.3806858133229762,22.66318405842919,0.005746014609548045,0.024850835984932897,0.03913236571086445,0.013442141322412044,0.015525064630895324,0.003313025991274134,16.21152370629488,29.41,113.10531826316003,818.7674471578188,0.10274766080054049,0.15313292289550287,0.24056619483665614,0.09404941223671466,0.2365729979831985,0.06281519007219533
1.0,13.663245575182176,21.38326294327632,87.45744188421321,575.3,0.08044568356303884,0.08763008169619645,0.04458337250881197,0.027526517532603153,0.14781855132210067,0.06105710007515055,0.25416677651534936,0.6657286930506393,1.9954573041917514,21.398855167099075,0.006659033158488118,0.015593904575496052,0.023572283102148955,0.011321099767306926,0.01454,0.0046721907096261795,15.049102241277248,25.429879532883778,99.70689657937893,707.4390730375525,0.12330068878939081,0.25483671952685205,0.25691952716845334,0.10450233903326099,0.22321903456643635,0.09239029033662104
0.0,19.014182523886625,30.474222492039967,129.3310996655396,1135.936991337643,0.09463,0.1665950340140649,0.1974,0.09448110843840343,0.17725256311165327,0.05891339859901234,0.3937359399493701,1.3977464626835174,2.9431914315594443,41.100772727499695,0.005044409164486684,0.03739107828189572,0.040373927231555994,0.011998904549841719,0.017960446052296342,0.0027211160978249257,22.60850557563331,41.94355943166479,152.32668863685038,1490.6391497804395,0.1437979734879194,0.5149938503371566,0.6255843027241693,0.20734400844070267,0.3524748935029024,0.09106724376205501
1.0,11.26,22.528645927037147,70.41849339659855,389.8185635366019,0.0846547221530261,0.04891494211106657,0.023631358204203506,0.01962638316498919,0.1667,0.057379005258792457,0.2571172332253966,1.6835271839101382,1.687931465624726,17.9103109506576,0.009598249865159713,0.011634258250097552,0.010727725515203257,0.0070947063240489215,0.0156,0.0021566638816604543,12.478937912357377,27.446028424341133,76.51467220431937,483.1370777819631,0.11429388876312806,0.06900641263138832,0.04514451805877457,0.022308326907404724,0.2194904170868313,0.0641978558220705
0.0,15.335485247347494,21.991992015274995,102.40764914545805,715.9329392444648,0.11839461409627075,0.15945733004400758,0.15995711173222363,0.0839272337087277,0.20941255839598114,0.06903904673628387,0.6164559997111901,1.3550918627948128,4.700558486520966,57.67677795047333,0.009827238313647168,0.049553167479733574,0.05484112847113226,0.018419211397770884,0.02438975246860886,0.005121996620404329,18.07,31.404573405879482,123.5,978.1411164265564,0.16407512336692331,0.4155369453183474,0.47827200884964705,0.1828649621986749,0.3496226367549245,0.09369408837885229
1.0,12.3,19.86167938933735,79.81865899476523,463.6201009875285,0.09752792026127212,0.11527695689918989,0.08011731309449709,0.04390046208598198,0.20552248169265927,0.06694037770669145,0.34091208968048836,0.9821504869407993,2.0577633501563035,23.12,0.00743755506618974,0.03273258140517677,0.03309790114974843,0.013501990884627937,0.020283271908461204,0.0035385538530644627,13.587240181473161,21.509813506967145,89.2907041739733,547.4,0.1264,0.2687353168445278,0.23222508975064207,0.1000668117427021,0.29878278006469533,0.0811759999735651
0.0,13.042451952492042,20.990177174626968,85.76085433982672,530.6209376122389,0.09999414361107453,0.0899842056237992,0.08992682230738207,0.051532041167576745,0.17320298099876527,0.060553919590883916,0.25891168662888875,0.8263304986658437,2.417088162658762,23.970486792839633,0.0053960839799286,0.014903082319673204,0.02679237710613013,0.010394659145980052,0.014216986305194235,0.0021388978779284954,15.482455477449518,26.566464354344564,104.3479101124886,733.2275867861633,0.12838266874038243,0.20634086736383922,0.3210666277994235,0.11193093254117213,0.2507519832927832,0.07630786378082206
1.0,12.46,16.99324280235049,81.48574625547816,481.6022167230027,0.10316795749953062,0.10299571590743713,0.05892519969488935,0.025661951347687215,0.16843587325597578,0.06044690289784971,0.22998020726608737,1.3438244089697862,1.778,16.97,0.00551723815318703,0.023093245466733567,0.03181795514033374,0.01183,0.018406590866923842,0.0027424334894952983,14.354088132028616,26.198609258686048,94.68367791366022,623.7085348687468,0.13761589271125407,0.26683884092116017,0.2664647165687153,0.11202209354199143,0.2827,0.08314911378736868
1.0,14.95895991214862,21.560282257094872,97.47408898118464,687.0318080784946,0.08602634980677246,0.060269667777611544,0.0234362450958607,0.015236780512717409,0.18151956199276276,0.05546147158792583,0.3482591391563939,1.9064948640030757,2.070023911879259,32.93292129840626,0.006309246656007876,0.011986204156351652,0.007912341540171433,0.005302374671599355,0.015558368777513671,0.0016317970514207513,17.208481790376943,31.728693878391066,113.52287036394223,865.5611808460736,0.1234,0.1677783759614739,0.11677299115995533,0.053783778369880776,0.26604166115886896,0.06349697557055829
0.0,21.419150481391107,23.97414128173101,142.72285574357133,1359.126920997226,0.10047784759755984,0.1351798997104719,0.19069419597483384,0.09706661811882678,0.18829684344899839,0.055331513566094365,0.8332731699293586,1.0155759525937187,5.171350749954762,109.5403776929326,0.006419166964155543,0.018930423565635197,0.037111853627200084,0.011976897378383167,0.013561711107559828,0.0016795533938190122,26.628420685298043,34.68512397060401,180.36118488757563,2077.133945666765,0.1417,0.35560784802754875,0.4762663544380552,0.20442712853370323,0.29343978143905597,0.06938252028113859
1.0,8.618695951290173,18.94600415860247,54.75373408770003,226.25662055844356,0.0955972429892374,0.06374201737190248,0.025370293129649325,0.005707442599205657,0.1993919754014507,0.06413025559914817,0.14144380704461867,1.656630725874642,0.9819955881193666,8.635081128538294,0.010356052867175567,0.015951568611408933,0.01797778361908279,0.00506772407790453,0.01816,0.002967538452685378,9.599869507121571,31.353837702061647,60.848702539294855,281.3673422036308,0.16381771126598724,0.1808,0.1399116559132727,0.0556912652095893,0.32909515312987236,0.09081336006592232
1.0,11.94,23.321464629578596,78.04241372727823,441.2589191942334,0.0924200740472567,0.1021,0.08099680186895165,0.03734650563113364,0.16855031357708578,0.06352456689888915,0.2957,2.40004126963156,2.1054172401311093,21.461437124927173,0.008739136834789165,0.03177894367190507,0.037101928238294064,0.012512966095581071,0.014815308939804175,0.002992838065180034,13.416789323763835,37.16353210069367,86.99690023315503,562.2835402202085,0.14198863666767453,0.26503298255093216,0.26275905016460727,0.09942429219335099,0.2383,0.08276293296287664
1.0,11.981430275032407,16.99861384935649,77.0851631490242,443.0523053911495,0.09087,0.0794352101796706,0.101,0.04093855030164068,0.17744226734144367,0.0615381427622223,0.3459543011929451,1.2488179494878338,2.1734985510236657,23.92265598525471,0.008296302713855284,0.015665998104166176,0.04778096467439939,0.01308485705937023,0.019662612828751737,0.002003877094722154,13.579478615895216,22.582227374412728,85.6913240198758,550.7670896806951,0.13325019207896924,0.1729752146691707,0.32075997777351456,0.10555615887238241,0.2820517736671826,0.07319976843743962
1.0,11.22,16.614868780092003,73.77013112126563,386.9669717598446,0.10747611791797655,0.11529937269965562,0.026027807959517927,0.022829783801647928,0.22379283100919953,0.07340502926927321,0.5306377905758216,1.7891652448026754,3.273907743929305,39.48476593044448,0.007447657266203312,0.018679452716061,0.0116720128124947,0.007415035923061396,0.027481593283815355,0.0036838569475293624,13.057608298302034,24.387704499401504,86.01670871652823,512.3785406573124,0.131383142437408,0.20401893080603709,0.06568252836599255,0.045521709273063087,0.32199067236409645,0.08986100227876317
0.0,14.799715910751702,22.15,95.54731719980846,710.989618729893,0.10847337010231752,0.10128755082527685,0.09258710472725588,0.06250018210835798,0.17681700792708832,0.061957965155052565,1.0034248137796307,2.585325981213698,7.438668365736418,105.33627831911583,0.02395056539166807,0.023080153913703164,0.03479026820010502,0.016898877430253253,0.01583220824044694,0.004139419684847117,17.36762169803557,31.47194512291103,113.73227420139591,969.78307960366,0.1481502938315559,0.15370556677520336,0.22737553283917067,0.10958506518933328,0.1659651883171707,0.078511141929918
0.0,14.691704372725523,19.500323929866003,97.26,668.5049365641728,0.11673279539365372,0.16301027298478823,0.24441639698077933,0.09542976896753448,0.209188869616255,0.06317123746355185,0.39848934528791813,1.3055903361521073,2.903,41.979452862448525,0.008123605839418327,0.03396943467925786,0.05552053817827284,0.014662275040368261,0.018809366459695158,0.0052527302318202814,15.902652538793895,26.93,109.59906575176942,807.4455817510916,0.1491,0.3504364513401583,0.5383550523481141,0.1785,0.29693079957357843,0.09217305872257307
0.0,13.753160946821314,20.574116199002685,91.07949512758825,583.1556385680151,0.12805202225764337,0.17531805895653027,0.16832500114187637,0.1083732346601822,0.210984842989745,0.07606563350464056,0.39716958832234406,1.2659398564559705,2.443627712494884,38.96901886566511,0.006562434805814454,0.026865750237185786,0.028643871681416376,0.013009720688358312,0.023335407343239738,0.00451972812625131,18.504425164557528,31.684500708479206,116.5850180155197,985.0261372790836,0.1843954562013043,0.3823308388685279,0.4417263881774716,0.2095512333315337,0.4019928274379465,0.11828687028170011
1.0,12.986218113870516,12.384022391555972,81.88773955641354,516.1305183897064,0.08485395523919058,0.03721445528422017,0.0,0.005610432194364327,0.19293969678289985,0.05697788806327478,0.12951680124257253,0.36274794475892985,0.9062692080363272,9.247227683559196,0.004474632336730705,0.003769528406841195,0.0,0.0,0.015646805269014113,0.0013435959170011093,13.745844134448344,16.4477733443921,86.6984767629707,562.4872070342763,0.12928184233382164,0.09586891979735387,0.014581291230896324,0.06489301808551498,0.3845539783809715,0.07667063399441995
0.0,17.455476617582892,19.83,118.7988559011769,964.1245362155145,0.10124315314118565,0.2087,0.15391068318942563,0.0966984205947458,0.23754351040791002,0.06316976623794343,0.7569248922446782,0.6782283024322535,4.905196271932689,94.64339548485823,0.006531787055910416,0.04615656360931689,0.032972096872861234,0.022620047892830102,0.02197232108480155,0.00399734773560527,20.821516768804365,24.953458313317224,149.50299710251159,1463.891892310406,0.1492929454807761,0.5615233494375657,0.4203132337147571,0.2475,0.38252700260226435,0.09636632692044057
1.0,9.473830285060624,14.93,60.31254270271944,271.72984967975697,0.09803080528542561,0.05965484435688407,0.03601384067751554,0.01338832671204821,0.19248240204157796,0.06573760271796718,0.12444645695790499,0.5445999892043447,0.9961359001549224,7.228037229319783,0.010389879104376104,0.012504702359226912,0.018519468956975156,0.0058303722842169385,0.020919598906655387,0.0022123100845574247,10.648254863365427,18.230790384552126,69.04868577741034,345.35710700452194,0.1725541363874966,0.1826656092017827,0.19249219244239135,0.07910118338696749,0.32399533235104694,0.0843747401846955
1.0,13.271271315072363,13.980117172544126,86.28818041495853,540.8005629761827,0.10107129489343984,0.09096445073146177,0.035695465863568435,0.030715918829306823,0.16204714444369026,0.06403118820740543,0.22017274024258388,0.8846128154056365,1.6523668354943915,15.716234240376496,0.004872884186690259,0.014893606488370225,0.008647598976594851,0.008007855161691921,0.01694981406608227,0.002551,14.788642754041327,20.497365865350446,96.0659830737912,656.8944009792687,0.13022415880057653,0.19817935289851565,0.09412595825246137,0.08960345319705135,0.26104303020832703,0.08175290739451374
1.0,14.222962268788645,17.650195748495058,91.70858073669172,637.1132181885193,0.09993165313998549,0.10188339233389418,0.053945816691424814,0.04409678285069448,0.19112752028538177,0.058731702864307345,0.23052316647459575,0.6867091113077608,1.6425647525160634,20.95,0.005869953422867865,0.025013470883583,0.013987755106299094,0.009059457952109598,0.021122655555720755,0.0022757328025945814,15.832123182425835,24.3723976219099,103.02547835892528,797.028638085783,0.1535120114753886,0.342705835393456,0.25411151672694743,0.1251,0.3873892616264623,0.08058618986046452
0.0,22.232168436777833,16.73064897802358,143.76048022563958,1490.6440051669233,0.1000997635964423,0.13659110627733773,0.22427786864934318,0.1242,0.20419532614127126,0.055704027419722156,1.1747451729794227,1.0266239193108229,7.1896218045848705,149.25438202837628,0.007548592762344391,0.024604737515054653,0.04261616500983749,0.015899488580459985,0.017396265736348768,0.0037509139809627206,29.795933964800888,25.15220266959778,187.9699222780404,2543.887663690982,0.14447427250539877,0.310551127453001,0.4504,0.21525197464277157,0.3232047675247632,0.08217561047244143
0.0,18.65208307387865,22.28643840794736,127.40161491094592,1075.1371016136363,0.11096931556846755,0.26566321645867996,0.33124584355364983,0.1503472836435472,0.23961342745724734,0.07125819177666783,0.7573337720407509,1.6192683137803827,7.137795265946941,95.90368512730866,0.008769264870926783,0.06705994305405197,0.08213644237416033,0.02775234922651245,0.047562443261455284,0.0060313463037281355,20.96,30.88,152.015109169882,1320.641820555279,0.15032221194963746,0.6553887458381171,0.6886241008031119,0.266583804933483,0.3721030691936913,0.0987208144318934
1.0,12.462812207943013,13.392183276275349,80.98646966743412,464.4070746885596,0.0903494371115877,0.07779786041981816,0.037606046649339385,0.01961396997994682,0.18331817795662395,0.0655363793882797,0.17414434716414368,0.9095284080615919,1.3469232641056939,12.641372426907068,0.00578097539159581,0.01656878773804237,0.01831989452585873,0.007460039929983444,0.017363732509041763,0.005642515746352729,13.578560049009441,19.247659865943973,89.91119186334141,562.9802269884901,0.14311684873379282,0.30304709065630453,0.2537058139226792,0.10005573949451581,0.330089568411287,0.10580590413067437
0.0,20.323383856606572,24.495562671670676,133.1955808910373,1295.322517158451,0.09103938602782685,0.1160583757393794,0.14655125521444062,0.09313220636101657,0.1926,0.053124163043268474,0.960604003361969,1.2893136665047493,6.280811379327111,116.30440313537036,0.007389856956840325,0.030322400713056512,0.057115819403495735,0.022258707100029265,0.01698472160869587,0.0034999138588730086,24.257230189379833,31.772268139896426,159.58130302921322,1833.9260262522002,0.11902911763905259,0.3048478098988461,0.4194268908372576,0.1775584502096997,0.2747085443877583,0.07118784619908491
0.0,18.878058334154268,20.114011343046005,123.76313219690843,1134.3013996699217,0.10488390871876806,0.13258050915273717,0.25031509069205354,0.12859242173880342,0.18016144978773127,0.06131683220729341,0.6134929088022273,1.247318974300716,3.5470448442907383,76.82416698910687,0.006063326336281842,0.030817775590465755,0.04960686418867706,0.015665917816849277,0.01725535526142907,0.004409829977006953,22.811388775041166,25.623865327318835,151.57302539940832,1623.0,0.14396443707398257,0.384054922762632,0.6259984857980669,0.22505939630612562,0.2749908481050179,0.09423020174663618
1.0,14.047386691496929,11.290119809982391,89.79308560802004,608.4643663203673,0.1056594882723708,0.07532292198578755,0.02170653200818873,0.027838817260872218,0.1667,0.05913,0.24282855234616815,0.6226816866511713,1.519479605779815,20.577118292390452,0.005055094913129319,0.011220396009264225,0.01009283865630001,0.007620316263818854,0.017132005060435482,0.0024762080052559473,15.85,15.934442474372961,101.4430991016173,759.9000764142653,0.13883441731008678,0.1664115069864581,0.08669345763526567,0.08604618607039335,0.2960658718017943,0.07975453079373247
1.0,12.033973886295358,18.209699100425095,77.2288302822629,432.0581826890184,0.0975330202887255,0.07535971139674559,0.012647278297632987,0.017880765038190565,0.2004631596194697,0.05913,0.2727561738337128,1.4850887272368012,2.223354553887882,19.327305751725785,0.005410460910458591,0.012649556067769708,0.005910625492487445,0.006438473047873983,0.02216972722723237,0.003241772116209114,12.629857667410409,24.02863271867302,82.67564364311716,474.17298590013826,0.11949174207141375,0.1209983880085293,0.020522396023603708,0.04301910675734183,0.27344981745914826,0.06913874607939915
1.0,9.42953205815632,21.4363342128629,59.829158283113024,271.6784878872897,0.07683590782668834,0.044904581291357604,0.023654744486055534,0.014055540159556925,0.17045552034420902,0.059201773834661194,0.2621,1.563,1.7613216273539927,15.575947370269699,0.008728291859276075,0.009356648589737431,0.013325627805938083,0.008259330854284043,0.019070388903086592,0.0031795088178375778,9.572699906417185,25.711054518948878,62.74330767411675,284.4,0.09391920263748643,0.06476377875193051,0.051877575250294454,0.025811373775878662,0.20555725468300756,0.0669797586992422
1.0,10.506033442145158,20.18604657857207,65.61574391637313,355.5907415781118,0.07999561699810223,0.047579110053982875,0.03359233599696642,0.015130516208450332,0.14690018219597548,0.05912848398348207,0.2076807445985263,1.78203784117473,1.5292763035294468,12.300204793369735,0.0070636267067686566,0.010824808635807542,0.015297630111219351,0.00858583885514736,0.02934402465633195,0.0020965118374664435,11.140019801790672,29.14188753790804,71.57764776830068,374.4945921564176,0.11157198274433654,0.10200324151778943,0.12577295658249,0.05962313768730384,0.25146485593484613,0.06890321700498753
1.0,9.403534893486254,15.206154657913055,59.935701345745095,271.2377062611052,0.08761135405093949,0.05473666654138835,0.020777883546355416,0.006389136586434555,0.19632508546022068,0.06503613972555305,0.24154019283066763,1.4884485415512168,1.3583462538532938,14.188765631016501,0.0074225857605202126,0.012032264736674517,0.0179968895491741,0.005873862014931319,0.03275408911651522,0.002623613911469173,10.595004912760892,21.57491140464501,67.03083764419466,342.1561089355018,0.13397162511310493,0.13798298343072765,0.1430641638597909,0.04607961488272165,0.35795327016613715,0.07662063981528189
0.0,19.772964895441675,17.837659471015616,122.8016813910495,1221.4550331320997,0.0737255769414657,0.04605,0.02398,0.0326400185211235,0.15514051384487987,0.05011718228056515,0.6526822769387705,0.6585186213558093,4.125625758624035,90.62977536211662,0.005705670037550447,0.01275992064089951,0.016061711726870955,0.016017312074167366,0.012905170060053213,0.0024757877002583363,22.487069122509546,18.660407171732317,131.419595566252,1595.2919009906727,0.09534347699517519,0.056942517118861835,0.02398,0.10967183032370907,0.1565,0.05985091691122078
1.0,13.88671790020489,21.353737907914503,89.75483928355128,596.3536891414062,0.08793927016956782,0.08194935525668852,0.06734877041053013,0.041923011436254584,0.14639168148646925,0.057040943574387604,0.16410201759841334,0.7814834396852963,1.3929229456066405,14.152136735923625,0.004752928317305586,0.02091553429826457,0.029886674582523615,0.00752352945573995,0.009539,0.0022227587453673026,15.416197483998042,31.46513506123252,104.00541189656525,710.8980830524533,0.13137788649962734,0.3009649550766679,0.34497184061252706,0.1251,0.22635653153168508,0.07783230745281097
0.0,15.113569280433817,23.21141549713142,102.17400041954647,707.8894477978697,0.09740777459529504,0.14017650382873453,0.13561557145690567,0.06583085166183969,0.189919029562723,0.060797086274639596,0.3978797230539554,1.376838054810794,2.9763210568692267,33.2190421596268,0.005759610899906586,0.03770681970493048,0.032227009302914125,0.011997418973873556,0.017754480364902306,0.0037355433543511314,16.347836446203317,29.127186167556093,112.99562161811735,820.9893527214393,0.11898545168201084,0.3435156380324848,0.30112433226071433,0.11265221630774225,0.27377455116323374,0.0762157865499667
1.0,12.773583711332318,20.176106188379016,82.54161125887937,512.3100596792893,0.078353146152517,0.0756605423554839,0.05994236630755382,0.029407580974253195,0.1861,0.05763290695346911,0.31910251893678054,1.0944651274124202,2.695608132685613,26.42952565619,0.005297266008685929,0.029834332448293047,0.037894191460150946,0.012823107404690545,0.017186494338630183,0.003899646807578846,14.258557240205612,27.966491808464422,96.5679834889238,675.0086257700746,0.1166,0.27576246182499436,0.28401446459047297,0.10533335020577499,0.2972,0.08468462405606439
0.0,20.25448900888233,19.83,132.4560965911312,1278.7466542384395,0.11037151579766818,0.1391344568446583,0.28266924220391104,0.11970443171437076,0.17089363289384385,0.05664160528982617,0.543552246096999,1.6273624986662214,3.3540541841282283,67.13315284596975,0.00671658281967419,0.02553980157718489,0.05584296644304267,0.01195461676676537,0.017905944399768434,0.0033176146027822455,24.285143463766246,31.471415837746324,156.0989375692784,1816.4974377417977,0.14916696350086672,0.2941831652317959,0.6321949911362528,0.16624506165229178,0.25039373907720147,0.07757587581529378
0.0,21.654171239554266,24.014084287329293,147.22437477524596,1459.7908192395514,0.11692774159980347,0.1870740268596551,0.3174722347733997,0.1500909036419665,0.2150761506447476,0.06282535435484297,1.004909432471694,1.213305111241318,7.248626625059715,122.9555288824713,0.009973525726627623,0.037963020433078906,0.055371919186019275,0.020607850830811826,0.020937980748688946,0.007062713117577086,23.314931057640887,25.712490207946054,158.16634025530763,1727.8563623259092,0.14440752670335621,0.3594602216739252,0.49895216334207104,0.21610326490809867,0.3047218022296202,0.09181659405635237
1.0,10.8,10.897419581981454,66.8536096259505,342.48019472833806,0.08489776276422237,0.06807993755305555,0.01492241409381898,0.017804429853229865,0.13393971516159697,0.06423712968144413,0.24427519260516653,1.217,1.448667139371446,18.21915894839439,0.010175608926009536,0.015091015238615873,0.005968880387509282,0.008725197618546088,0.02568684144930249,0.003991525612810541,10.93311753963654,15.389732337544134,68.75833665772969,366.3631639667559,0.1153,0.11470534473187365,0.012691955586874349,0.0398813562987008,0.21572397053673778,0.07697150204709416
0.0,19.47515434844582,25.337064996033956,126.82444332964673,1149.4601679039322,0.09419783903925541,0.12831405603974816,0.1458714950423095,0.0854006000503679,0.18654655253010735,0.056010345406121785,0.43755822723701504,0.964248746382055,3.052856308393152,45.39859601238015,0.008119302858587474,0.037292634952720734,0.04939095820467204,0.018374556490690617,0.013596459529080429,0.003770672852644096,23.14238983743877,34.431459189307375,152.6586913693318,1604.090419565488,0.14913596407161378,0.3886902197280311,0.4023896105321596,0.2058295721116593,0.2858106719961376,0.08702537211773063
1.0,11.6,20.97131556519109,74.77908315670042,417.0543559450898,0.08511,0.08141035366469078,0.043513188169631595,0.01618895638775903,0.1355126544114685,0.0631435784469686,0.23850958529115132,1.5544854922787592,1.9956362773115863,17.811474437149855,0.005870720832676368,0.022792986514823855,0.03039188306632838,0.009284507760634119,0.01745165783380122,0.0029120222620781086,13.229105841023104,28.99605576418566,86.9439401422404,516.1772436455054,0.12083393793345779,0.1964828345861416,0.19052636544160145,0.06440232541912883,0.2282102594702274,0.07919247008071358
0.0,20.2784945680595,22.53497578177526,132.62798450896815,1253.1490863973618,0.10197871945680465,0.1267947727213231,0.18476232426250921,0.09480582962626545,0.18492522298431738,0.06554006574119332,0.625582675310396,1.627035560635401,4.900535297494109,68.9631941979803,0.00868742292283982,0.03862664242351281,0.04023000579722043,0.018424767783284984,0.027842969687428658,0.0070877450025002686,20.935453930895594,27.435774721491214,145.4553296342877,1308.2585803842906,0.13941059430221295,0.2848931328760407,0.3785409018523922,0.18616408841595078,0.29083485510939533,0.0937155223493342
1.0,11.74957253191763,19.346651352439476,76.79899075478845,431.90679382574007,0.1122701322585316,0.1225676930598635,0.08664849875336887,0.038832505430433845,0.19668314751139937,0.0695888373281955,0.4427410946585115,1.7010058703884312,3.7502271974415815,30.24622701270587,0.010962182914372814,0.032865045348146764,0.039611791286670486,0.015380139174959317,0.034139899109331184,0.005711551544967098,12.844051438097601,23.793819516813727,86.47358485496314,509.7640859721598,0.1367058597116438,0.2039937290387751,0.1931895253936128,0.0832863979290104,0.2764712351394044,0.0851792825197097
0.0,19.66094464040013,25.10882454608926,127.94779702277602,1203.2835625956245,0.09785785189100416,0.11959504741576638,0.14651293229997692,0.0874615114974321,0.18011707563973453,0.05627006844139157,0.47364718074783363,0.6911000966231965,3.0924511575012565,55.11901218133181,0.004134557042332245,0.02188091365003826,0.034537348744229084,0.01296029214192517,0.01619561033385438,0.0022210185857603096,22.955006194862275,30.143601062564414,151.89141234996592,1623.0,0.1252843605771741,0.3585396412429185,0.41117150096010896,0.1837629930230443,0.30580603901841824,0.0761831824256246
1.0,14.247658361222662,22.488643899597143,92.53801401099292,613.0076192940763,0.09830773715026231,0.08196583290153918,0.06330907578159589,0.03781846333967587,0.14958629029256876,0.05780602521882888,0.3105655309387565,1.5108387122870297,2.3091254310331446,25.73750861750609,0.00527288815667898,0.012418967799486582,0.015580114168928672,0.008676624801556319,0.013419387762500639,0.0018675141274349918,16.061680640424278,29.223276006039658,104.5,763.0861773184362,0.12966300678495501,0.1676,0.19790660453696746,0.11069520515438414,0.2300417850453627,0.07036449113830301
1.0,11.52,14.759707569185014,74.23919737996358,401.8701550125092,0.10876060999381748,0.1147,0.04438268424005379,0.031133071193490347,0.18296792584943156,0.06608279580238167,0.4314743921804073,1.2387831837591476,2.494673602534885,30.28532894278258,0.010232304459404302,0.021620604140499145,0.020999661591855425,0.012413138310782291,0.015497087686016816,0.004999179555653396,12.89129414626964,16.661333316718995,82.02921246420894,489.5,0.1428625158207548,0.18104816144851943,0.10471368001271118,0.0875,0.23439565018053735,0.08185481475359417
1.0,13.760925143165778,22.679187632475195,89.58404572518998,583.3677387859967,0.1005,0.11369525105128492,0.06655710307250841,0.053896592733250044,0.1526967978475609,0.06897004046097722,0.484073629540643,1.8991151422111694,3.1664018257372932,39.240392187192576,0.007111693811644046,0.03738333484950522,0.0259929794317746,0.01289753266502164,0.022225459308850583,0.006163148909641284,15.085140705564656,30.103725695894067,100.7462526801627,687.749937427764,0.12767238747733578,0.2175940284195619,0.1444911391013566,0.09663546376530323,0.2406514645491778,0.09247520318047255
1.0,11.6,19.32206318980215,73.92563862359907,409.0131886552896,0.06738805874151994,0.05850229304587781,0.018692796503038497,0.0006557464183592493,0.13931734616304972,0.06400103190544329,0.11538566211017633,0.6001246542371992,0.7965035178359071,7.13023459736933,0.0071394521864425525,0.01783070744780095,0.0182699586046197,0.0,0.016585343394328225,0.003252693954485698,12.98847343375398,25.52560174721799,83.6726010264243,506.2622121286528,0.1216,0.22780755314770051,0.19264151572941127,0.04594765309028523,0.28097427895480326,0.09673980413225129
1.0,14.04231231759975,18.162904698961466,92.48863364119383,597.8713899903856,0.0897203958915312,0.1324086546639226,0.10281716534096039,0.04814835219240682,0.20094198431602162,0.0649478424029489,0.3074408767354038,0.7582483781677484,2.5909757677222864,24.808464681887855,0.0057161296252945405,0.06595431570803822,0.043088998441495996,0.010321806718360414,0.01914509723158327,0.004772541402710773,15.693391802077956,23.134734258233802,107.96100762201652,749.9324894143775,0.1298,0.48348504871008546,0.3953517229394442,0.1407,0.33065225776019325,0.10172126798052719
1.0,9.397059118384247,12.873340459540248,59.93984565210348,262.3784671642829,0.09931974637698039,0.06275062905953743,0.026383470435499216,0.011560526468756903,0.19177059145615577,0.06346236987169315,0.1469489491095389,0.7959609113947628,1.1127198895200963,8.87414903088962,0.007336893239872342,0.018700089473405946,0.015354364811408415,0.006282983974316265,0.019764302012737413,0.0027751020898394694,10.050945425558133,16.335535769229416,67.30203974891693,300.52146274652785,0.15281715315940428,0.20083797444902218,0.15392923581916354,0.055552225227758274,0.3137721515403206,0.08119430729025696
1.0,11.201722513886951,21.802934630224584,73.296413426061,385.6278412142509,0.09833350499466738,0.10617223617800121,0.05514168381637072,0.03506010383360504,0.18493385442640817,0.06492465736754457,0.24088991040431743,1.0802300861420897,1.7401750234876023,17.726886933515786,0.008312933019640804,0.029504473987922473,0.02071,0.011957752156502027,0.025415547908682532,0.002813789136942447,11.921812623069664,24.19095006581293,79.57950095701612,436.41281634601785,0.13698479180508377,0.256639418046434,0.1705710886800108,0.10202064405953663,0.3071732599398512,0.07805293322353725
0.0,21.266810866356906,19.97029580802305,142.94379733778456,1406.433056129954,0.1023876135448894,0.1852406875404674,0.3066494819824785,0.1280203570036707,0.2395921737038145,0.06130249849394115,0.6877825305401274,1.851,5.131011626715541,93.9609456959498,0.00532919767472997,0.05322657290680179,0.06890235451146359,0.016668449927037476,0.045428276212607366,0.005254530840938252,23.16759577764163,25.71817637855697,160.00744071565353,1660.4146556539906,0.11915380784950128,0.362491102812327,0.5753102266705322,0.18818875463839438,0.34961530153599146,0.08206351323935228
1.0,10.28828599454027,14.399221009843203,67.00825371586875,326.6113541874333,0.10306180911421217,0.09908837452852426,0.05882852431824733,0.035896739041159344,0.19268303740153994,0.06492746932727587,0.5077378543673005,1.5603577969712155,3.7923273049926403,28.503909902679357,0.006810584179383322,0.021962581435558542,0.025287227924233265,0.012734653466537653,0.025415475975288815,0.0028743784617967145,12.450704956983108,22.43190198821401,82.75270746114083,473.0829018480368,0.1358,0.2313801975234845,0.20620877299891263,0.10697214457259883,0.30186875846571365,0.07617888950577492
1.0,11.22,24.23925395818712,72.32978149853457,387.23986807764567,0.0993082687786001,0.0891369648195536,0.03650745332035733,0.025486615088242275,0.2034015600255105,0.06456231610092301,0.4499756954468389,1.7983473779385046,3.656348633202659,31.23373683063851,0.01031468035521646,0.03450888667033729,0.019827173784258533,0.011730859959027262,0.029665650634231856,0.0040191998663918855,12.209933598166822,27.630466766830807,82.61819593376322,478.06756514171457,0.12878793860389,0.18527713053509062,0.13341771853470674,0.07443095785254983,0.2972,0.07825298542516869
1.0,9.625953580699857,19.734960076028162,61.23241743615402,279.3916673205,0.09680311300303553,0.05885262402579172,0.010624918836075947,0.01519670654352816,0.21353992789836465,0.0656689057677668,0.2383669215457818,2.230359823678463,1.5164346072939126,14.468858410534857,0.016251379775524943,0.010634478706471115,0.007642520996044528,0.007992450537193302,0.02031873538179159,0.002987274963331113,10.5580055688806,27.384737803506052,67.04573331625333,327.32437155358673,0.14164248271803323,0.08294320512918515,0.029755716411324972,0.04333262906247166,0.2742485027352787,0.07685110590499693
1.0,10.883889295164371,15.169011498373287,70.43424866389132,378.2220521471255,0.08989045677239192,0.06789966541546347,0.01381705753800085,0.01404905632989836,0.21088431639922547,0.0631437882040423,0.31051257311952746,1.727623820281957,2.078171173087455,20.98,0.006663474853020863,0.01430625868363877,0.007227388998402169,0.009562394646237819,0.02653141636678994,0.002551,12.350262136759738,21.618896202186686,78.11810489890584,450.69565553517003,0.11443487783157377,0.11065617532660345,0.028598617645704483,0.06008002348177984,0.3054205330692539,0.07258099427961315
1.0,11.54,20.7,76.171030045675,401.5742667466127,0.123209740629813,0.19637880326873813,0.11713855340704958,0.06379679993136027,0.1992245378250375,0.09556861269849454,0.39531616834434347,1.3621746734069171,2.658719613096008,24.19764531736932,0.01093573185137111,0.0370294137019527,0.049607852611382106,0.018426647892778508,0.0189423993026854,0.006820615155174967,13.288036444856441,28.685172562354268,85.1134463914665,507.478162340653,0.17709062785281254,0.3992004201164613,0.45059376797557155,0.1326655821614813,0.30085521073347077,0.12506924681810538
1.0,14.047208933506587,13.98714022652827,93.79858228021749,605.0698374586152,0.10949777799809148,0.18974039675846294,0.1104705671640979,0.0655434947182021,0.2112810686850056,0.06345600606880177,0.333644969518321,0.6684425166211864,2.4648684354814905,27.415764317699093,0.0052977351853770085,0.037294909734201416,0.03236807264965501,0.009382519965339663,0.019422204234276083,0.0023030784691651786,16.21271095131459,19.693944827690576,109.32633096146533,780.8777230557201,0.14297698130063052,0.42391775219120403,0.3665063238164852,0.12190624317222228,0.36170324764711964,0.08270793094767609
1.0,13.365079198191998,16.164774884911875,86.38492777056692,549.9713037488164,0.09578570154656173,0.07709787070207816,0.03893140156868798,0.02278715719884804,0.1861,0.06230308087077689,0.1782001168898695,0.6546498377089132,1.2542147160198047,12.67199457804491,0.006969398244377184,0.014308715501803368,0.020593558460965354,0.007502464634415973,0.019150128176719506,0.0046424569374018225,14.343105435415971,19.985049213034902,95.1247597932257,615.1238105551816,0.1413,0.17845616965480213,0.17862827313306542,0.08901019795534215,0.32016643776257225,0.0899988907417842
0.0,19.33433742193471,21.4850633173566,131.67449720103596,1159.4221768828686,0.11696855702078783,0.28479796329291324,0.33444262489957416,0.1599491213276313,0.21657519368215983,0.07066589837036356,0.6845047248722246,0.5580580471454181,5.149267618866103,81.04614065698448,0.008001684383851064,0.043096806432666925,0.05490189310539804,0.019877269803700755,0.015485416416876093,0.003351487952921427,24.286243498408403,25.60904550179332,168.77304807560336,1709.5783690576093,0.15784087603574942,0.6616482464418608,0.790534394292403,0.2819795858317114,0.3639034886853458,0.09406708528903576
1.0,12.860190551819665,20.189756584538188,81.48112391221629,512.2,0.07962635993550624,0.06530112610371638,0.06264887322172479,0.026560160303881055,0.16717808383472543,0.059544091979748914,0.189853279414935,1.2601280271147626,1.5142745596465663,15.75,0.0068241272719434445,0.02752326609258418,0.05035836621605339,0.01702185311275926,0.02754503928705359,0.004200419240108255,13.158891445719501,24.75654093447265,86.88143681063262,549.2378470473092,0.10149014469078642,0.15135690787606457,0.192457547094884,0.08220957617030651,0.24387716230572257,0.07393652660224448
1.0,12.05,20.190735741090688,77.81772070300039,445.7600424079077,0.0826170864391084,0.07277400028277238,0.02956938305657468,0.013717472842098703,0.17895386827137802,0.06119353027837114,0.2571891952098891,0.7710952891017521,2.378066086280984,18.57263914497085,0.0038201375510737,0.014910314710227704,0.014088552406872573,0.00511463251464914,0.026371677672797467,0.002377844804181681,13.641390855894686,25.21630162854728,88.12047582142786,564.9007864298858,0.10574295096917609,0.1928,0.15691977440998123,0.05609139797816582,0.30544049801856066,0.08130063167333526
0.0,15.314546018210597,23.216722129531103,100.2873084483616,716.676798695283,0.09326507402852094,0.12727837016960356,0.09953467913596936,0.06553536642358511,0.17430620240794778,0.058936685610327715,0.4207456771042856,1.002655925497084,2.8713288086227076,43.36837597709461,0.005952475386075957,0.03345869768866999,0.03411423355732827,0.014065713284155262,0.018147383675194577,0.0034371354212950336,18.79980130804501,32.817894663749314,119.50542698986955,1129.6663095575973,0.14660133041061565,0.3485521497084912,0.3213853863006545,0.15201668014680994,0.3064169916730258,0.08576804339779576
0.0,17.995549228274204,22.480291657360997,120.89090253433075,1070.4397009576753,0.1064001878624374,0.17,0.19826749628324636,0.09455855980505706,0.2117553400905468,0.07138514083193999,0.5418328853786933,0.9154780836608215,3.529211111329147,67.3417678309551,0.003290580784279681,0.026000630509173134,0.028959274177714718,0.009222,0.012768859323178788,0.003532261474112431,23.827339258432065,34.50967207323735,159.92046713851823,1737.3514740652583,0.15287934729463581,0.5075710839783761,0.6332286178450902,0.2106973048040453,0.3603286865323539,0.11817220193628845
0.0,11.963261399798625,20.73503162673377,80.68027507095931,434.6773129546776,0.11881674455461856,0.144786961747639,0.14034096447984648,0.05880345611474804,0.22413445134115026,0.07409924885658768,0.2942924574794592,1.2624530992051262,2.073748957412142,22.678581316106524,0.007509375650364388,0.025813085952653993,0.040505560768994094,0.010919132815356197,0.019372856394121504,0.005120503590729309,13.181738626456626,26.93,92.82316801510618,558.690553592378,0.16397957402870192,0.36232425202283736,0.4098888997290724,0.13339879329810433,0.3809831987846301,0.10367299925148454
1.0,14.984533884501161,15.619511167117839,99.49749806738492,686.5674617419626,0.09496708725561007,0.13037534140441756,0.09644991962935964,0.06127221142970911,0.1717592817990559,0.060296963041048486,0.3250003918452853,0.7653854387642005,2.5829623113455993,28.379112434053702,0.005243238636790764,0.026750436070439237,0.02857331699825054,0.01169235385102181,0.01816491300402534,0.0027014038663841066,16.76,19.781260993318934,114.90500417782314,861.6406740089592,0.12185101795271495,0.34438682123906694,0.31552434562467857,0.13520314464701177,0.29864476907356036,0.08181419070095287
1.0,10.290882526325841,23.112985425222252,63.11513803648343,333.6196766116418,0.0707007268452386,0.0347931000368135,0.0015412871246538711,0.0023048879913310834,0.15142030994821218,0.055843156144755386,0.23923939945425762,1.545168278148111,1.429,15.318826206647747,0.0073598363881768715,0.010964457902548082,0.008274847979415778,0.00498584318093255,0.01720127796770931,0.0018794342071683334,11.92,28.734222363754295,69.90139581521376,439.9695491413356,0.10195823248575499,0.07076100746166576,0.020749409722997995,0.020623149901485237,0.24066803945663226,0.06439287268802191
1.0,14.941396624954319,16.057976504317043,98.21902794942355,686.418641691297,0.08370645997368467,0.15159139350391235,0.15197052312784856,0.07721903486005699,0.20541200680513963,0.06412,0.32501301002089944,0.8736630386187322,2.562473150339438,30.09073728698186,0.0053144146438629525,0.08749207439564409,0.07994743703236634,0.018743032965193102,0.027940844211173148,0.0027554418332423024,16.488602798482923,20.708782264579273,113.9445814292008,837.466066978551,0.11687354335719324,0.514638212514119,0.7362475221129656,0.16995173393021276,0.39399905358524484,0.08273728707477226
1.0,11.850337345070285,26.87652150814896,74.26693898235622,445.3920122349844,0.08511,0.03261146990046459,0.0,0.0,0.152440812468223,0.05586336303187898,0.2541194112726885,1.5913247022809414,1.955,21.195570701092283,0.0057746222346694315,0.006122116742971626,0.004183340907635972,0.0,0.01938191434969726,0.0019412751828376646,13.632986868812546,36.22430419668481,86.19400646967767,592.5507306166992,0.12675290548583099,0.07194448412416986,0.03854345460989331,0.01056660549064413,0.2741313807578452,0.06770946366049736
0.0,17.26554423497635,20.2,113.37085526987511,948.2668521801313,0.1049,0.12973657134874722,0.15317171948577143,0.08631974702263023,0.1811931836054653,0.060017945877976,0.6954661911720025,0.9789311348544375,4.297361090542871,74.08,0.010344868896904875,0.030316312979556993,0.05201010085940901,0.017019969031510207,0.014985531483899747,0.0034792616220256194,20.821657788114216,26.932998932479588,130.02251957240176,1302.0228060816762,0.1562300751701681,0.3618544381011664,0.5180511182861347,0.18429332511956695,0.27770151467234283,0.08304839727012138
0.0,15.279546738335927,23.200889226529167,100.25898413371726,716.2481192992674,0.1063,0.14368125620938554,0.13240001538793825,0.06553598745890549,0.20430646773836744,0.0619592886156056,0.2419321438480431,1.0088921268575786,2.4249977015306814,22.95325895769941,0.006888084976528305,0.024513960686412473,0.028184836267998614,0.01412494814263833,0.01591497953847441,0.002669547162047734,17.39597951343344,33.452058764662624,123.8415504907412,915.2218671292976,0.15732374685033662,0.37893841560766833,0.3785983824333668,0.1894960027335749,0.33175766657434913,0.09325278571123517
1.0,13.717566858942059,16.582646130526957,87.27925958986633,582.9477820320171,0.08472452536752738,0.05281617376342244,0.02035210796807568,0.020745587690515085,0.12821001150788527,0.056734986096136766,0.1471206369179853,0.9729082597624662,1.3566321915549018,12.453815038249502,0.0041504965475901165,0.010427260909286465,0.011936542331834532,0.00641504491153375,0.016709947291032045,0.0015439454997968915,14.61210849070416,23.639373811950684,96.0827576992163,661.9025065608068,0.10960172245152171,0.13688692724871473,0.10808780555731208,0.06405792362978047,0.2279199891407367,0.06641255342980158
1.0,11.8563835832979,13.515701801595814,76.93017462696193,421.29828017489564,0.08669773851289846,0.06969544107849408,0.015436090458264317,0.01190280329457595,0.1635462470599121,0.06491008300939846,0.18624078655048742,1.1367023276200048,1.2685752360718088,12.68139211078664,0.0042340816289001305,0.013892081808227043,0.017040931818701734,0.006890771710529406,0.02601407824456658,0.0035886844763383077,12.771734269259957,16.93,79.81219418301755,469.81258695475117,0.09440900134504356,0.10538814452635621,0.03779962577587172,0.022272731880248437,0.26653043443417007,0.07348414734237996
1.0,14.579950495298869,19.46349533115415,94.53748769448167,658.1103942992546,0.08666549740037423,0.0665014404955067,0.050719484633477085,0.02751791431469746,0.1362112137391439,0.05507354887045636,0.17815462723770678,0.7590725254191341,1.3353741942478012,18.55946585391777,0.0037258919472796257,0.013811788511914272,0.03325887760374382,0.010684396389308468,0.011747181550750923,0.0022817707123346208,16.11,25.167740712591005,108.15160317766782,809.600983546298,0.1158803559234794,0.18220052315638777,0.26852589618486644,0.1205,0.23831542803489664,0.06845032058885675
1.0,11.121583597825376,19.270602634936736,68.68309838523338,387.8768778178182,0.06591927378209446,0.032357744424798045,0.007018995051742167,0.0037179436776905417,0.15278038895894772,0.056793725084331954,0.20787131187347085,2.322305238762854,1.6051053652965324,14.91,0.004633740822879592,0.013797984467594716,0.00782650991891228,0.006335178695753208,0.027408023670406425,0.0025841468891768674,11.207211782309454,25.4618070057647,71.11836658803206,409.0923439692165,0.08125,0.07388859775246398,0.016827680901095602,0.019350729520078633,0.23065879316604376,0.0660503246370512
1.0,12.99264635183492,20.97629113091075,84.1336229471943,514.1928296285159,0.0899420081806748,0.1147,0.10093254840611202,0.033617211313865504,0.23682597950975695,0.06105789136599011,0.36084121424731125,1.1221005117194087,3.212031277067474,27.082339795096413,0.005830673851378544,0.03934456284933486,0.05650392918716777,0.012927412076301437,0.02419526264026149,0.003335910123092601,15.0752556465752,29.226666431052493,101.0389314218258,691.910819331703,0.1316,0.36510952378244504,0.46719520383935764,0.13892613082644886,0.4128,0.08477271364836177
0.0,13.843330666724192,31.515733886042817,94.96854325594916,590.7598779513216,0.11699016672766666,0.210032870819239,0.2873190531665963,0.09442413473406634,0.23543307075037684,0.07821014577367778,0.5488510616134233,1.851,3.545518537209269,47.33728963370889,0.005685272762550346,0.047649615411676324,0.07455186342512517,0.01355007933932423,0.02431541690852747,0.006169124284220351,16.336318741508308,36.27944715642624,113.26258036576618,810.0422804322161,0.14311949248012157,0.46529606606401597,0.6372064748100293,0.17765157515010235,0.37130162395667304,0.11276202249725091
1.0,13.648706692630196,13.9,87.22471521028938,566.2772765159352,0.08221160657338643,0.08463342286239832,0.04331235840253988,0.03107300696798531,0.18475825581306937,0.057506715656699396,0.21341154618641484,0.36236684326268565,1.471,16.563190341223656,0.005849775871357708,0.016752986124567923,0.02009772079168566,0.012666714826614193,0.017004999803787883,0.001960574955433428,14.341540329866513,15.761246559763961,93.67446578687246,628.023772689444,0.11643656556102655,0.17435318390083862,0.18844011326464144,0.10499456042262863,0.277559122929746,0.06877949242656191
0.0,19.868012696633667,33.53424757051742,132.46358114665833,1264.0,0.092078236947544,0.14826817486122018,0.1859606506065995,0.10443336312723946,0.17393314703887602,0.056644479078342976,1.0930652288489973,1.8182737498340884,8.806597355156878,145.756791288683,0.007954829797690613,0.059156208017611976,0.054942546932632605,0.018256032773631786,0.020249432594845688,0.005115098632754147,25.28002059724826,35.55000193928227,171.1,2030.438845260736,0.1223168909110683,0.29185290847084244,0.31562843353984305,0.14472424577501933,0.2357230552855668,0.07623795788087774
0.0,24.22620125151196,21.638151332355225,159.54160712682622,1749.8914312103427,0.10488755977649702,0.19111605653087604,0.2760454798463518,0.14844877785572297,0.2116,0.061342699737053315,0.8347301832422226,0.856075615406539,5.5412067308549195,116.25432299987351,0.003158582220793349,0.029435360455222787,0.03845342591609888,0.01273142898495332,0.016609129799327473,0.004881275313567345,30.90936977135957,29.345114376439415,211.65579599989047,3060.6465555604514,0.12357986640104594,0.4737810280554698,0.6464129402057408,0.2464610786181343,0.3777210903264801,0.10243802229382745
1.0,11.511592875964421,12.214048582525459,73.87076078382091,412.5181053096394,0.08120093308662442,0.061124363311788915,0.02688,0.01666844724154513,0.16882401629251703,0.060995678580571554,0.24706967560203658,0.581921971374602,1.5651697101276525,16.073839467576434,0.007275560269254606,0.01571585985875281,0.018402125678964563,0.008668631657605874,0.019090339585680776,0.004596483032980957,12.57,14.947248206247599,79.75470521038895,472.5786555836287,0.1120412315735042,0.1352,0.07983773477992405,0.05649795927069872,0.25252339588173917,0.08008101484414629
0.0,20.174724775096077,22.402489743907726,132.48607449947838,1241.2512641101796,0.12522004632392045,0.19578469657157785,0.27291418189233896,0.14733224695100144,0.2027,0.0713357460468972,1.1869400157322172,2.651366428096043,7.198524809518622,153.11385137479735,0.009242535465353868,0.03907391893852572,0.05716924960729919,0.018064406385271382,0.013916343225956635,0.00988256589495064,23.146596897264963,28.47481620037989,146.52133905097176,1656.9591166445357,0.15468211835096576,0.2430295060081795,0.3787373315071952,0.1706277034646459,0.23392229401667086,0.09101199290958907
0.0,20.70440676902323,16.49781065674504,142.87485394753136,1341.6422839991624,0.0987916660819734,0.23342214116652432,0.29782856601373453,0.1470543287410843,0.18471218251521546,0.06448317311565314,0.7474369392123108,0.8349615048867667,7.23004845699915,105.86272987246932,0.003921711783254802,0.06012777540106982,0.058382501262665226,0.015673004812425367,0.015352755432177841,0.003915490647178453,25.086818718724597,19.516040915426576,184.3935660944336,1938.107174078875,0.11869164352089927,0.615217649610548,0.7453173725479783,0.21123709622965045,0.2593135209891209,0.09136
0.0,15.46,21.46,102.4,733.4759725998796,0.11044951130868896,0.14749103374617828,0.1593531089694886,0.0846208427255467,0.2116,0.0638526013743679,0.4488460851758503,1.045878571656801,3.0506169507150265,44.64290758738231,0.006291210353473041,0.028550907771619637,0.03551354790013802,0.011859213459494018,0.016395958779874265,0.0033903842406649344,18.505750962049255,28.558009276481638,123.06564877754553,1033.7446890753658,0.14350908530348971,0.3441561013681317,0.3768986056882842,0.16112525501270175,0.300745497254746,0.08660774035084516
1.0,12.190226258271808,14.941529224143787,77.46123894174407,449.69169529692306,0.09588415126767733,0.05849672714656747,0.0068064795078349085,0.017528082422750765,0.17773534436008828,0.060143909142920456,0.3492815927004719,1.1270525378992493,2.1083888313973422,28.00635885921379,0.00614503406257699,0.010470342282709204,0.007035907968100801,0.007371619272480886,0.020252811398475658,0.002422130453577716,13.347662196638595,17.766351638035367,82.09909810560337,544.1187195289247,0.11077464631682561,0.07076240727905521,0.00022091687617879113,0.022234392954627476,0.22676063594495555,0.06347971435013859
0.0,19.68788704176993,23.20071247037575,130.0,1214.0,0.10382204995803943,0.16660846953815153,0.16981964856012322,0.10042509114705514,0.18107290051240119,0.0625892388955655,0.33534288024523046,0.6616869597940094,2.5796688409997643,44.48259857631213,0.004726594498654692,0.024297238396590516,0.02668751239363082,0.012836206092417616,0.010644870481987942,0.002554801470250994,25.342954915547452,34.42866393477142,171.1,1940.4363171114271,0.1561419617980556,0.5615265744912951,0.694211001023178,0.24984583675662103,0.3243562620053363,0.10289014426448083
1.0,12.775030563172194,13.880898314621268,82.0058958806167,493.48596832899034,0.12023332784663877,0.11445479662526091,0.059917445467055054,0.05199986294859623,0.19306250693666555,0.06894420352792333,0.4083291175459101,1.2381280302691156,3.017978490638458,25.463686775389416,0.007857739284847188,0.016928155945553372,0.02321866497680073,0.012780475650042353,0.019098232609956623,0.0030357367423294616,14.310039159369412,19.31458280240886,90.77102823768747,606.0598995474681,0.14109976835722352,0.18109316441693576,0.14534486925592557,0.09521674187354712,0.2701707279027477,0.07919509675726985
1.0,13.696169177573664,19.383122629596926,89.48108638136112,571.7646420974099,0.09751577952865043,0.13162021242757227,0.0967668151590318,0.05805804905220295,0.1925,0.06993443367672225,0.39618402848804524,1.511,3.26749586659212,29.846288790704364,0.005725067681766618,0.04654875639781185,0.04758710219088816,0.01766,0.022814875904805264,0.005843779648383182,14.80144253311715,24.469400537789713,99.45426004949536,655.5380545743287,0.114,0.26713012791561663,0.2240715450160965,0.1056,0.24842555596945137,0.08968699965044424
1.0,12.3,13.985361954487598,80.43794910083973,458.4657285243551,0.10600962849625599,0.115352393479644,0.05892,0.0327528249528855,0.208001988623335,0.06883187516801684,0.2899507857692024,1.095,2.073228292148827,18.3903236079963,0.008235077134188598,0.02645797280796672,0.031137768237613068,0.017432085067157044,0.02589785791534584,0.004003846178822596,13.09321685478957,18.256919384088786,85.12658099338205,506.02210795311163,0.13038085151094989,0.18898917945716623,0.15643046342344008,0.08314846933150091,0.2694,0.08105394592526649
0.0,21.637636280537443,24.60724547802859,142.67339905764248,1525.761464087361,0.09792775071166998,0.11841484322528964,0.133617481465243,0.09797796781920137,0.1854638127718281,0.05623,0.758160279772454,1.5122082173644043,5.035179901199527,108.42604718351434,0.005534090465443742,0.014104517358414864,0.01912673603545682,0.012922020988645226,0.013399129472163901,0.002631906216524461,27.84056760243184,35.7160427662501,180.78069661237427,2413.706041643135,0.15077903715970112,0.28418794142507364,0.3427682553935315,0.18609771244585652,0.2689246039847438,0.08491131504631044
0.0,21.28226512980575,16.753302061597292,141.59633656059324,1389.0234229379307,0.11482015534276284,0.1464517365557161,0.14633492982393526,0.10883048380876957,0.19446840842357582,0.06234013081745816,1.0692477282377992,0.6548233457737728,4.863000476051958,153.4160204646616,0.003142669043881843,0.01123332453249293,0.01793733032632388,0.011301554604111093,0.011167206353725593,0.002703099549396875,28.01919158950113,22.950957534493902,169.87476805138095,2490.916296487314,0.13812752681080534,0.267800025002253,0.3419246094638757,0.18763229581365196,0.28347975023802036,0.09064909700127553
0.0,17.486389832778155,20.55629471036797,123.75289845349256,947.8761469214065,0.12096798248747347,0.3454,0.32687731148877114,0.1517507426820852,0.21633118516661184,0.08131225118450165,0.6381234065784321,1.4786082159847553,6.999620213852985,80.70808284363879,0.009914793308072312,0.09806,0.1438,0.039962974410740516,0.0248007858505253,0.01284,19.98527788336848,27.44118864910428,149.13059661391338,1221.6245836120731,0.16561174676014875,1.058,0.9278640932159105,0.2487991127351135,0.32187732976161904,0.14307715325321846
0.0,13.1111539864042,14.326129044368871,85.53014868091108,520.1306240756464,0.09563670802754337,0.10889547112694617,0.052887253110132704,0.04427749505570392,0.23708399755654333,0.06488796284711805,0.20698631616501936,0.663572363270968,1.654504720600517,19.223840375243736,0.006172334944589442,0.015114369157620086,0.026459015152133915,0.012859083416062385,0.02169851104344354,0.0033892252582047684,14.779432929091426,17.47316358723816,91.19249284344615,687.7580328422944,0.1256103630797524,0.1971375797691226,0.23208777643574915,0.10371315885505424,0.3318278097709139,0.08694621482570579
1.0,8.98886854190028,13.194877062534466,58.89949579654749,244.78935463605546,0.0812229517700262,0.0885811474304669,0.03995480689249282,0.013290113672532878,0.1648683364768163,0.06763914660117606,0.21982531163856953,0.6364667737428835,1.8168254664404528,11.875617685298884,0.00669580696102869,0.025870836597054078,0.022505919436498427,0.009889194389437861,0.03203637361766275,0.004577934027500469,9.466629072830155,15.65398101354651,63.683964914336116,274.60440850253354,0.11646219325218193,0.2147917386942059,0.11666707681565042,0.03896160960276538,0.26799075593995414,0.08810227278836737
1.0,11.665829456410503,12.843747320049468,75.52318671008031,419.41530982604627,0.09574635288644572,0.12973560507423207,0.10122991774154579,0.04397120787383129,0.20545370479781896,0.08111592718570869,0.2864138879686603,0.6547824303513946,2.564706422112996,20.049884757643873,0.009945316954646547,0.06452652197274181,0.05420193637968867,0.019223302217381003,0.026364002814230368,0.02193,12.880684781695265,15.38572652268821,85.61823716863996,506.2286208918322,0.1298,0.33645094675908804,0.3356992309724303,0.12458352821326611,0.3384713304496193,0.1486
0.0,13.002498619537304,23.225944626326516,86.06410478923107,514.2669916708401,0.10635096161441412,0.20216617409928392,0.19404921697723154,0.07987666375730068,0.21505007739552567,0.07430605314941588,0.2027,0.7085459775122632,1.344,16.97,0.005035057839154452,0.04764858158392286,0.05661221718312336,0.0134157765460883,0.020228950986358237,0.0037391551303047384,15.48198679439011,34.13175449816156,105.02556189708226,715.8073444592773,0.17841241072063949,0.7569773823083005,0.9405524199503443,0.2261974002658188,0.5564716988157012,0.1347979127222207
1.0,9.73947836662531,20.62224075794108,61.54983695054117,289.10649322382477,0.09695390916754036,0.056228084100852116,0.007396179060646715,0.01107745853170015,0.23693383328030412,0.06558214656056106,0.13494362298281704,0.9534935075217359,0.9984004389136056,8.497109082464041,0.005251,0.01203443775182773,0.00794349698570907,0.0036113693804701703,0.0236367816154233,0.0019720227356741747,11.058896847823346,31.531444134120157,70.78314704191303,373.4956257344597,0.14803529289321132,0.18223607381205004,0.12164932698954835,0.056660564998517196,0.4128,0.0849
1.0,10.810294035818048,18.591826509071048,69.75436065555336,357.920432508202,0.10698731577968547,0.10152171916429527,0.037017915885571316,0.019540761846049116,0.1465876143132365,0.06346315802487887,0.14538752283274745,0.5390570786696818,1.054462195459519,9.247112511354906,0.007178540348123083,0.02906419657111135,0.022892800142837445,0.010355885960048036,0.013260670347751332,0.0027563276123119605,11.252990372449318,20.811450210645283,73.35005679082609,394.66176640026106,0.15129089929795783,0.27916260267392323,0.19404644426045467,0.07951949530063698,0.2383,0.08472700962148613
0.0,19.83803913324353,21.841912517406435,132.9,1220.4174121809758,0.08638404064855938,0.12746954161049764,0.1522506733302736,0.08142581996536986,0.17163791650935675,0.06315821849746012,0.784175959402167,1.0444258350903326,5.54614640763027,102.53035331955502,0.009239087506007196,0.025588493753413263,0.03868994364893997,0.012610543219264117,0.02304117882859459,0.0037800271455799878,24.214138489639815,27.164249291108234,161.4556198150472,1724.4026730702797,0.13787004795981744,0.30863406562790235,0.3539095477683343,0.15108732835327288,0.2742315449687291,0.08974548926851875
1.0,12.0,14.972962197838903,76.6803756836827,446.63543807526094,0.07332691310695884,0.06066982762039572,0.05112718722047728,0.022715874875470523,0.1207755633522357,0.059769408032966015,0.12417641493849181,0.7206140429030989,0.9538767957483538,9.349682623462783,0.0035623013990748464,0.014901805307691673,0.03239429877915697,0.008737992112685725,0.013277660536573964,0.003564896230191663,12.359056691243783,19.77215411860295,79.63678433742113,489.6599223477707,0.09964296696991917,0.17886163277651143,0.243877916124114,0.08223078797670244,0.18220901116229654,0.08252355604456381
1.0,10.499927508494903,15.995486189941124,65.03798296074507,337.83170533533814,0.07725955729204444,0.05205857172541849,0.036910378783601455,0.013692496499318519,0.1421920665854441,0.05706490403326707,0.21368664535765353,0.9090219606381016,1.5182587381683492,13.130398378722465,0.004872007855131359,0.020122665317384714,0.028005338182132678,0.006444901623026511,0.013158366127066369,0.0030766020600773167,12.357269726538794,24.352120934369417,78.04875951386602,471.46185125246404,0.11430785645468387,0.21988774820566748,0.27261889159042374,0.07899153821120132,0.2535004314896345,0.08737333997072405
1.0,14.678997903680994,24.21244719068925,95.33392711723923,659.5899794870616,0.09245807836020092,0.12319178343659762,0.08955477177121454,0.04794442969513757,0.1991741142258752,0.060218899557077266,0.39612417278740075,0.8751066404083175,2.71764859657296,30.02553388499194,0.005491426240870124,0.03744286390213727,0.04004707022633546,0.013793855639151783,0.022215144977079514,0.007917544126001133,16.39338907466182,29.219293616502416,108.89513004489115,808.3539188499493,0.12420893573244292,0.3118590038207506,0.28701865256936304,0.12949423717061298,0.33693517214609403,0.09312454968412864
0.0,18.699803647366288,22.114374659139415,122.64474259327721,1121.7250105565151,0.08746396816536922,0.08359987208848998,0.09266918525996827,0.0758819504369151,0.18003954548713957,0.05561492022775621,0.5198580898737343,0.8734015940671226,3.0889730720547637,58.51458374652424,0.004426522788735527,0.009269,0.013624164508133967,0.005297,0.0202935173374756,0.0015787761789851716,24.542421788482493,34.84019513510183,163.12470719777096,1849.597359643596,0.1491,0.2308896091356633,0.3210759755651028,0.14755232394302678,0.4258818424627274,0.0822745377234053
0.0,18.476553553676847,21.517859712320185,124.1029665427041,1109.0359459609365,0.11459297948105793,0.14746224627145763,0.16466199296602332,0.10787884105960116,0.1966,0.06394729035839833,0.6918103127863112,1.688668067232434,6.037801798537746,87.99881234399966,0.008106112696825554,0.016037201473666184,0.02530916811053592,0.014657916432106472,0.018993059478063817,0.0039068749591699035,20.38472993345463,28.121292085978915,149.23205520468065,1316.4761854722767,0.15025311363198954,0.19484163849091438,0.26635021867685393,0.16136357623300326,0.2507177515262319,0.08124062861324718
0.0,18.638578722537254,23.946416723488316,120.7272419308847,1076.9132049101477,0.09997821943658101,0.1317620573530257,0.093817561930417,0.0685095756821191,0.17639149813058025,0.061274391266161674,0.7015119825449665,0.8266504067980304,3.9057931923893605,90.21807033951632,0.0034052533731075583,0.012767975194529987,0.0146252420522788,0.008771129121389904,0.010708945514807625,0.0015888048970463513,24.15833640194856,33.95006333696481,158.47926345638058,1768.113851235165,0.15306077034954643,0.3800751473157849,0.33852072628959734,0.17213995864881876,0.3590264739213753,0.08467762837554617
0.0,13.828495810715348,17.26604633314039,93.69699320400792,583.5760479891782,0.10406223778774594,0.13712656275930668,0.11625201754371614,0.058132243487312586,0.20915024160733747,0.06875909218495971,0.4698323077116281,2.156339081120233,3.6088291719427827,40.64741261774919,0.010509923133016796,0.04807104677818583,0.049703051468007284,0.020112657226153678,0.0450129068027515,0.005813230425656209,15.18109805306606,25.213037606533796,104.35832019742614,719.988841905577,0.1440825855380262,0.28729242443915176,0.28286639927250007,0.15205735580053617,0.35890395769258526,0.0870592086447013
1.0,14.445793380737996,28.111798014560662,94.17653937255562,640.953180439589,0.09252808422879938,0.07810296724562772,0.03894152774371839,0.02343924797216288,0.17914089091222096,0.059033906263250904,0.31954179202935,1.5125838945158316,2.2024486692325755,27.316051507994523,0.00483193439615583,0.012214638214580478,0.012562106233155852,0.005633476359995717,0.015118061331747774,0.002366583943002375,16.25,37.87438853631208,102.97633664183766,796.7257294502656,0.12812745885926083,0.18857993599851797,0.15632668235654823,0.078853280482057,0.27799415396944194,0.07779291174443681
0.0,21.077280689725146,25.064066364238982,141.2102062474565,1385.685107734424,0.10058933159647317,0.126712848349471,0.15232504613158754,0.1242,0.2048988843204544,0.06082918386490001,0.6466849047339372,0.9632414424727651,4.708849385510328,95.96804468066384,0.003867781423905281,0.011121201625336044,0.012073363687649474,0.008305242112030275,0.01496309493953148,0.0022593336463544948,27.783002402734056,35.729580709012374,188.1229760445658,2402.9975585521,0.14429282064846966,0.29462488594276576,0.38602956438563524,0.2085206988412058,0.36404620109778363,0.09440574116883779
0.0,18.125300904794667,15.515894557922651,121.05053507408209,999.2246201962738,0.1001,0.1516397405780088,0.16828266361548627,0.0934423181872539,0.18462103411230296,0.06319331427696322,0.3901531093466968,1.199,3.385951908902274,44.465440962272545,0.005697774104514357,0.047646742485119714,0.054861015386854645,0.027687668530373945,0.019385965142895017,0.00838908420895247,17.807995565209847,21.37492029044577,127.04800390727553,967.4019303922403,0.12274162738799367,0.41648588358108946,0.5184555695376081,0.2118017003039497,0.30193156414129535,0.1059
1.0,11.26,14.96,71.98956551427942,388.33815623322306,0.08643995079073363,0.06760565022859662,0.024913336838278455,0.011235130562646878,0.20071414254288142,0.06138009973941091,0.31940071754979843,0.5449343656367868,1.843990459657966,20.82215352996123,0.006731427882227592,0.024148118882942535,0.02071,0.005619197431574829,0.02688144604913501,0.002152650830078599,12.831392792396226,17.08301890804173,80.86302158971404,506.4805308708657,0.121958411918218,0.1886285717705123,0.1353535514762385,0.03983542339873335,0.3168383503788246,0.07028291585228824
1.0,12.57739936299044,15.910432640974816,80.56353698465459,476.47860404078244,0.09016433718837895,0.11228133097427474,0.053950288068308185,0.030789619616923822,0.18086565621088743,0.06902908476251668,0.19379310332411098,0.9598033543115758,1.7366741259070777,15.894604834181767,0.007898841656183807,0.031523341570585735,0.032068072478725805,0.017535962669648332,0.015277174813508603,0.004459249422728247,13.047568278932497,19.530847872041925,86.66745076219759,517.7807705463493,0.1218,0.19545373381969555,0.1403807877869784,0.08601193310754858,0.21094058489756107,0.08309913671401213
1.0,11.73090891245832,19.900094764221542,76.37503376302558,416.9195658855324,0.0968780915382902,0.09047656589205609,0.05906175186561763,0.023876079400748325,0.16338593602989152,0.059136336555914236,0.14085429755196682,1.232579571902969,1.044319731081311,10.126203951405651,0.007697398071255435,0.02709168718076603,0.02706602951351811,0.008189793969881438,0.011557760258492013,0.0024097322950951175,12.50908437148163,29.066822725929736,82.94311179185797,473.85337556964333,0.14328059095089815,0.25172910306093826,0.19308077641456134,0.07152946446493463,0.23871861756664237,0.08117775237446283
0.0,13.538704414951118,17.104240148416366,90.69294938402044,577.9766491606164,0.09000091392747206,0.13679350305327834,0.09073580374250714,0.04826388726046883,0.1969663548428157,0.061263890588772664,0.7155512471221775,0.8902720797739644,5.323406458107105,71.33239139053964,0.005483315596916097,0.03482476231561311,0.03492988049253254,0.01842660863402934,0.017044773516904956,0.001948748921684603,18.487821475798995,25.772638349658507,128.7144668621208,1031.7545149481707,0.11946507248745503,0.5313643731098066,0.37978361292540497,0.2047154595509695,0.3274668318695685,0.07873927189821243
1.0,12.987103795121131,13.37108205508523,82.70621404903478,513.7264909453572,0.1044750744263002,0.11479604782417588,0.058765243039054824,0.033425341646451424,0.17770406923166676,0.06920414887591742,0.29724579107779425,0.6384587595601082,2.171282357513326,20.953130522261052,0.005315206809650869,0.020895734329324067,0.016815958540355315,0.006436395294642165,0.01704352207332336,0.006219570767283026,14.696491057888808,18.287793631256903,96.08735675856667,632.3247501761722,0.13711436056925586,0.2945347699960697,0.24384459304628178,0.09687982931678754,0.3141685427859394,0.11979348408960969
1.0,11.759575099450144,22.13627456304744,76.1757124727482,439.735813997127,0.07546518161289545,0.05836700232665516,0.02086142906714429,0.011167939487597332,0.1622931805591385,0.055934869048029426,0.19147969517373292,0.9836535025038242,1.354591366064422,16.15485503441278,0.00436348621235868,0.01812,0.0151,0.005484593817796027,0.015513355156003663,0.0019569643873945004,13.34,31.76867172895791,86.75482932076179,567.6947599871042,0.11443264216469143,0.20697623016872607,0.1804,0.07542055893357319,0.2824680422665344,0.0725895913815902
0.0,12.988703729977356,16.38982390845622,87.32531317503417,501.02695611229603,0.12983418238939082,0.21372499282446852,0.2448,0.09709604208232611,0.21611852794107572,0.07977579718629946,0.2637538632363497,2.341388498286973,2.5644341504945576,19.858211166628063,0.008101424774336403,0.05468559242931271,0.07270361258772119,0.01586467776544304,0.03677470880504699,0.010055643877395534,13.496821127272293,25.144795022016968,92.7348087062501,586.354187580243,0.15631670183406357,0.3834756342235442,0.5723805367967827,0.17457444417487827,0.3208269026214933,0.10984697440264639
1.0,14.680741873930364,16.03889434818161,95.77072341975953,663.1242768582878,0.09305111984735318,0.10130156639621775,0.10017900946977183,0.06998999789098997,0.23494638893028108,0.05691937138429805,0.3640635057167462,1.265358058269523,2.5922551288247413,30.231828917265275,0.0038577136149938926,0.039261157664213384,0.04497857578736395,0.02332615039703392,0.028529481864850485,0.004678506977132945,16.181353120981946,20.467863284156877,104.5,764.4187882751995,0.1001,0.22201556644321993,0.29121710049886956,0.14582941691134294,0.3245774968563415,0.07602303664135485
0.0,15.05151679742259,11.652799182412728,97.38265506856781,677.6890947199917,0.09999278741117698,0.11340102565728212,0.1204,0.060208915779827024,0.20567413154802763,0.06185238899932821,0.4564900083271005,1.4758055998639692,3.678329352833225,36.110364125810236,0.005538332609556236,0.025670728404241304,0.042416947757265434,0.01843,0.01884,0.0039586669575064175,15.682308750400907,19.236744721830057,108.46793154985374,744.1034958186566,0.11372700458315187,0.20013618165397098,0.3016688720844671,0.1613,0.2867263729897011,0.07625555063742233
0.0,11.947519412974176,15.354755126996146,79.39009160574021,462.37499106337316,0.12795615460562162,0.13032617818781914,0.16786930361489885,0.06878790669801416,0.22357303678302498,0.07159682283152116,0.30388935687772883,1.9858674960297262,2.072061715716364,24.676590246210377,0.013542701867233923,0.031127479697332802,0.0487660394035011,0.014268453293685143,0.07895,0.004628919366981256,13.974057529217736,25.566040247954717,91.94421808564118,651.5751447876348,0.17229312115798992,0.3306655287954363,0.474789983700726,0.17258128478629617,0.45777953923160664,0.09875239760167205
1.0,13.298780285037887,13.16922526915826,83.55766902150859,551.7127651270287,0.07982515781182807,0.02673163275150192,0.0,0.004575634691987624,0.14998623947877748,0.05255624169744891,0.3140740410945757,0.9770170121224365,1.5608996886093105,26.850458480701153,0.005914253044714603,0.003715125045335983,0.0,0.004971419634762096,0.01536,0.0016570103815538306,13.783373786630488,15.740598110204676,86.89207116962376,600.5637729856744,0.09331762936856319,0.03432,0.0,0.0,0.18385974122099616,0.05521
1.0,9.660435527674796,16.07,60.11151904865546,287.3279662535514,0.08857139007184625,0.03620741617242996,0.005056124678188319,0.010874161809443797,0.178009172353622,0.05593372419179228,0.30218312304062966,1.6514841734710508,2.0621623049950135,19.985202487967936,0.0098478642870527,0.0060794525782059995,0.007580272653452795,0.008228469591248674,0.030294687269959035,0.0013882410935962932,11.052707229949958,23.62666803867499,70.77833430231745,375.4228681895497,0.1264690744996936,0.05120257896420606,0.004296029981740751,0.0404971172430163,0.2745271189766237,0.05903515295055457
1.0,9.328465272832464,21.2133153782087,59.76895293499376,261.5917088439564,0.08368320264613771,0.07536720225661811,0.020410421307851236,0.011665124935472096,0.18312090309795148,0.06263010871267935,0.3371411949070887,1.96350704753498,2.6119324124465697,18.3396564744202,0.008557956015007685,0.021969093289957862,0.015439788832724252,0.011851794689331011,0.022782403462482913,0.004584193986815399,9.95736532189953,29.047432911206663,65.02658322230687,290.5403621226533,0.1088052389862475,0.16944454627729505,0.08442940408572358,0.054539862075526836,0.2552959993702752,0.0785989950640169
1.0,14.04953611764144,13.437150242871231,89.46690923930812,628.8486089553006,0.07558339513670588,0.03896938610677138,0.03018305921802692,0.01780523856519756,0.14100698579907747,0.05339647345503695,0.3069461890333733,0.8096261051269376,2.8073407712764684,27.87108906209029,0.003497598204387738,0.01104,0.01790034287912138,0.009191257490747456,0.014477554129950292,0.0022103852713269002,16.09677794032261,18.399564410095216,105.90206222926918,809.7514391505969,0.09772549841624341,0.14414874405222167,0.1811,0.07969981333754576,0.23214507231152687,0.06778854141039178
0.0,19.770519291358944,21.2481030604516,129.61186143925215,1218.8959803322682,0.1026,0.1143131718134782,0.13368071118625055,0.09430069038974538,0.20914629410340446,0.05662560108925789,0.994500586662893,1.0138260725651114,5.738087458643631,121.47587760841269,0.0065984161890529115,0.02899718670450301,0.0363896701267303,0.01822245965363963,0.016940223902515386,0.0044286649879235924,23.215351231529823,24.625858447301425,152.1,1670.6105222358299,0.1223696256187915,0.23154929905208388,0.3010377898878634,0.178312413863838,0.28106134570417346,0.07909755759614989
0.0,18.02203460355556,31.0441158059778,122.9339310277172,1031.949822750889,0.10634285465190181,0.20035895532713766,0.24713505249896278,0.10575094783895812,0.184692526109377,0.07411990850595186,0.9137586900003702,1.2109769788352513,7.268050137153377,101.38308603187696,0.006904565708173172,0.04770479338476792,0.06406318124396536,0.017812770332126786,0.013048718629062797,0.004862623954488717,22.986661261672044,37.294843911392164,158.23277929468608,1604.9478075532243,0.1515452433692227,0.5940615882287043,0.6880266976275965,0.22126591094067,0.25090620553289794,0.10910428726604239
1.0,11.285882656051552,13.382066196108914,73.02914610181956,396.1079451020088,0.09832895978540371,0.07777011021485072,0.020237151940695444,0.016988570975304287,0.1847976911217842,0.061122910967276435,0.2954639952943134,1.35,1.5230150103738058,19.317102689085417,0.007628490347211509,0.014622112661726278,0.013043886788382893,0.006436686217894895,0.02509513452299038,0.000996580692574499,12.914629570066992,20.4918602294557,79.6737998823343,496.4868399525192,0.12282148103694766,0.1320642348962066,0.041643602519286324,0.033656745217102234,0.3056044988172498,0.06425348828693447
0.0,23.721218379772147,18.074097733728475,156.64878220469495,1771.518926848129,0.1049,0.13126569902206997,0.2855084995311157,0.14704183420373773,0.17338894517223005,0.05654712287439805,1.2642756327639368,1.199,8.77673401708341,231.25374277284308,0.010550802660960161,0.04943710720893495,0.0803611528981775,0.01812162849503924,0.02214151175904589,0.004851759639854057,30.768158292251215,17.735827324286255,206.20371050827129,2779.7768851000287,0.1417765056217463,0.2833667223302691,0.5136410961910743,0.19643925685324393,0.2650540311316396,0.07631527560414979
0.0,15.123121853522543,22.500893636533444,100.27590333381255,711.1118984608993,0.08322651735054595,0.06244210961111847,0.08623635501620536,0.028804353570407896,0.17901878970336646,0.04996,0.3184835101902109,1.2793457799986583,2.8955051218895784,29.922137361614297,0.0075025408586422825,0.021108789561797407,0.03327611591985528,0.010407877577146528,0.017732491478324657,0.0015887127774240528,15.509610732906642,30.76315540964757,108.62755770924566,758.16362977485,0.1113041479522816,0.19115706432883603,0.2729366950339383,0.0735492520597282,0.271151315911283,0.05504
1.0,12.23586055588748,15.02485394173805,80.47081624021347,452.11825306110427,0.12180409297348847,0.1147,0.10238505621690751,0.05553075868483798,0.1953939233491059,0.06612,0.25685671573376073,1.35,1.778,19.46133915388307,0.008537415160205128,0.032863083624673925,0.05102952332225348,0.011979711360884496,0.016694053462080756,0.005877154016952956,13.35247327802496,20.47110057108297,88.14564936727848,544.3647444090949,0.1663326498751156,0.3251087839215236,0.46111609228359435,0.14262728490691717,0.2972,0.10322117300594338
1.0,13.502843141276731,15.992439452730945,87.45262970151893,561.1322117708937,0.06633700257764048,0.10134056785290337,0.0984083725757599,0.025007728077488616,0.14726365959536575,0.060777327312879235,0.25419896130653796,0.7335013456357348,2.278528725001826,20.974549744696382,0.0045418667288765055,0.049864706880664626,0.07425617569201157,0.011548131056309816,0.013206186161998675,0.005698271475749051,15.08149242074494,20.492755748059892,99.68000712497252,706.1114178891537,0.09442929032776123,0.3196945905566942,0.35934513589029055,0.08159468221836944,0.24376327653358082,0.08816175532501154
0.0,15.116012693682082,18.66439752274398,99.20178682711291,703.8704055216767,0.10874157916378732,0.13997220599378082,0.14113756694868582,0.07974349962466595,0.21313707251682626,0.06221651660769783,0.5185200317012821,0.8635837511202697,2.965055846341192,45.32941700242512,0.004957009404176077,0.025579888915195245,0.03503020127490282,0.013058910271428662,0.015900693950599152,0.0033337102522237785,20.38311398093834,25.58720447022107,128.99479845758634,1277.32042998712,0.1464,0.42704017059192095,0.5351808168877198,0.178240778466736,0.4081344763867486,0.09345098365205133
1.0,15.202525281947748,19.98684433606731,98.16065147430359,737.3517164344778,0.0796198796183651,0.07691926670901983,0.044637024498098705,0.032230058390469184,0.13895912871887794,0.05852198495405416,0.3160331546646849,1.4326574123697493,2.319819342140725,30.50877702371005,0.004351409016957824,0.01496029828757062,0.016876603362760246,0.007985905909996788,0.014216261423800447,0.0025683870021907663,17.613561606715095,32.70456150111612,115.15373494214946,938.4595319072196,0.10294593107043193,0.2471018864489508,0.21250185583546383,0.10360306191219257,0.259,0.0785004616470174
1.0,15.2158772330489,16.96493783261232,98.88676737588413,713.4497670827008,0.0907896895086713,0.0763145179227772,0.07501745107394597,0.038346683715580955,0.18334921821402914,0.052698116861836244,0.1731941404271512,0.44426705844996217,1.3973523359571274,18.58243502326339,0.0058481509342300465,0.014133878564654359,0.02245319486855564,0.0076860232688389,0.010542812739661414,0.0016754571653289762,17.350931517213738,21.674699095966307,115.41257244320013,923.5973342236794,0.1498261946543861,0.31609489414328845,0.3649660096547282,0.1356766980257635,0.2883374414435563,0.07083
1.0,9.368587927422602,22.449140350456496,60.109054412310684,270.51085439154724,0.11550178854851287,0.06611043409965572,0.026515285778612386,0.01750409544440679,0.20185133399037633,0.06605815068766624,0.2522726198647463,1.9632007822749435,1.5487248461492586,16.080624211810832,0.010925049793521685,0.012308250767024279,0.008859406948129879,0.00588888635736583,0.02278023732855193,0.0027561585357882288,10.268431804859805,31.578601043800745,67.06153045478065,330.96520963311457,0.15558630706390916,0.12004679337459767,0.06221713163346439,0.04783425003577907,0.3211053490726912,0.07860901230110977
1.0,14.599332671147149,11.85247284222588,94.15276904749143,660.0119651316494,0.08551576413096046,0.07108178582812412,0.027681402033920673,0.03247631596754121,0.1833647808119931,0.056388308667683386,0.27421735487283483,0.5525632217769426,2.148409514960761,23.556103000275915,0.004557548681767816,0.013838724580032796,0.010062551067079893,0.00912432921177089,0.021659222800561817,0.0019632362884032415,15.809327743613585,14.370738963633872,101.05579890628138,780.6271923379563,0.10536999982196837,0.1352675956117978,0.08580657816350717,0.07911,0.30695759670752987,0.06640127742375421
0.0,16.92738650723783,20.26,112.76256977237836,929.1621948958984,0.10165801719257135,0.13425489833790138,0.16768268614680196,0.08509909813647688,0.2138556073069481,0.05830594002560475,0.43895070345537834,0.8384960093543264,3.7494183723552603,51.026525811623316,0.0071951438754357675,0.031292966495225824,0.0473195078337294,0.014655272459346454,0.02168331667456021,0.003443136694946203,19.93506145429208,25.210868564932678,135.15232934684664,1230.2813711903207,0.13920791476077826,0.3379068296093607,0.385274814184924,0.16580499812384167,0.3143077900122469,0.07630713888505615
1.0,8.714423052072565,12.307127489165078,55.634056626883876,230.21402563437218,0.11432038498951208,0.08529010550822996,0.02688,0.017804080689340623,0.22105636689643357,0.06472205192982684,0.3353600740697972,1.4885499928979975,1.693507596802167,18.55916180282423,0.012864003074774628,0.022029182683212155,0.01982912244720169,0.011292921202737316,0.02688127507591563,0.0042154022505906255,9.051147750694858,15.668133948373061,51.81755302520384,251.35893186527036,0.1424,0.12886352786075198,0.06313784932625988,0.03967088710973696,0.28461693264036997,0.0742453988329937
0.0,18.017492613358684,19.82969015255563,117.53856760109102,1001.3283139331379,0.09056481462440007,0.0719403100495032,0.07461929149388023,0.05624046757956827,0.17666469845564725,0.05235269218848495,0.4744362878051049,1.1480488753795015,3.325019926926059,48.33166889217843,0.005430679499348473,0.01182813142552182,0.018936202877968735,0.009404804572727955,0.01538711574715738,0.0016956990136080313,18.78718272013367,23.835791157907458,128.8963333170947,1122.660035087689,0.11309294077261524,0.1486,0.12294214379321249,0.06091879813533706,0.2554931702594921,0.0584432656944195
0.0,18.22,15.12632817425647,123.85999593048133,1025.73552141306,0.1282676167330235,0.3235774919997165,0.42420878228895886,0.16747592536093536,0.29861854672751614,0.07815499012658933,0.5766116059880194,0.8763806490512293,4.001552853027005,69.68354045041737,0.008264089967615231,0.05668763067773414,0.08593353612197469,0.018078770286117048,0.019423382968852602,0.007316367648495896,22.75,25.438546592770802,154.8412180523439,1599.879896637498,0.18651415604418112,0.7613552348688998,1.162941327754513,0.26796787662669,0.40471967541602166,0.14089440082640403
1.0,11.651218148614285,15.472951164207952,76.37528137905157,413.40015781166204,0.09234989389938715,0.09878750250846281,0.05426918925714508,0.045673646739835067,0.18298325451496236,0.06757805178369536,0.3757192333224014,1.6562965667475988,3.2140091277151135,27.4017748459955,0.011327281313662348,0.03487351624400276,0.034213926320190866,0.01847167938372523,0.021461502478621847,0.0055232498957535426,12.339668561326471,17.959657304339487,83.59262059344218,473.31994693916437,0.1142,0.16320921967823238,0.10614835758756173,0.08450089051504442,0.21512814531053193,0.07919999980093936
1.0,14.71027459248365,28.167812739655787,96.22882614648277,665.1905502252595,0.1075,0.128933305128411,0.09277801795029787,0.07257947094641044,0.1617397130999183,0.06343887023345941,0.22699608191400295,1.4819049338440977,1.7835476999672046,20.5398988703227,0.0041149944117005585,0.0172861836053672,0.02329548297519039,0.011910517776210388,0.014063755252092223,0.0021895211098667527,16.22,36.97205129943034,109.36986664963418,803.6826832487164,0.1335765834627059,0.29620108905231235,0.32063523607809963,0.14138662189069953,0.2474363855606189,0.0806181381496428
1.0,12.060109939642832,15.162934911404117,78.03267924029302,451.57956958591365,0.08511,0.08185073773601446,0.028009016535318863,0.012670363994216042,0.1587151305176429,0.06228117783992358,0.1710453042213847,0.7884362240159104,1.1836743109288637,11.378168010810668,0.0049543354236374435,0.02214007904456535,0.015778704534366295,0.005142938871506608,0.020938042325406078,0.0019618011338037064,12.976573707670365,21.395809066851747,82.26055199068661,495.18101619216316,0.11520993763055916,0.2168437790340199,0.14338035157506146,0.06011582092157338,0.29710041578271795,0.07609676863965131
0.0,13.721758924365036,26.28109990295507,89.67216785304917,578.1514126897239,0.09399635828581518,0.09848505819990629,0.0753220524849394,0.040664049573537656,0.15836978656045103,0.05820757064226766,0.28846496494414064,1.6256989882120199,2.7502202073852113,22.889852569003686,0.006113379944601174,0.024649055262192555,0.028127966792934077,0.010885397971778309,0.013282078885566886,0.0022754723708542034,15.705689856936687,37.330841570935156,108.67345334333795,757.2408538617958,0.13930488773428298,0.3059145474738679,0.3262908741004199,0.14877172394682117,0.2678424152526511,0.08368
1.0,12.05,12.193384686446993,78.96295919410497,444.2923465577792,0.1319690391338551,0.1710917729732978,0.08199319836659365,0.04931760314939938,0.24157736376487776,0.07222447141753532,0.3553086439523052,1.0401451470404848,3.1666122600775632,23.37134834005226,0.008736585388840052,0.045130589608099535,0.032069701405858485,0.01766,0.029187028333566456,0.005425876525284583,13.22750450566384,16.92543983358866,86.95147639346041,516.5803725116807,0.17716904777971837,0.3798674546520697,0.20844586578451285,0.1205,0.3518998514185428,0.09978325816178461
1.0,11.298912413348198,17.568232823114702,71.13629238221857,393.8184352143024,0.08770909145643974,0.04357710737761541,0.026821171604778198,0.01553818490212867,0.1759898653712318,0.05928410436523166,0.2547204636059057,0.8066488044494047,1.4672257214901272,17.22065109915361,0.005433035262819205,0.010796211453655,0.016563488240729594,0.006334658388387563,0.014839862306836975,0.0038327214889830228,12.844540992846234,22.375570261721993,81.20000607310352,500.78762096446087,0.13124191946049085,0.12387973812890157,0.16633047686129623,0.06953042075295847,0.3125957705647612,0.0849
1.0,13.64,15.156755951395041,86.91812493348586,566.2231070975182,0.09879191497906777,0.04225710343149899,0.0008603396989826733,0.011338940430715575,0.15349242567739924,0.06009293541132226,0.25737190385885833,1.0469548664393464,1.3014995130758142,23.110369676808453,0.005768693974629331,0.004710070120406224,0.0,0.0022986713179306696,0.015270895804381162,0.0015799161430476935,14.398406382870952,20.558389365893394,91.37809272664677,638.6690448280752,0.12351687593927028,0.05366907347482229,0.0,0.02018579596773242,0.22663392796143292,0.06533441969987713
1.0,11.991165226022607,18.489552287656736,76.84007475372039,432.0337156886614,0.09583042344782625,0.07877053423135826,0.0289138488310561,0.019496016271648247,0.15890234010412357,0.0656984797054247,0.2383657967941132,1.1553316417429094,1.5283515630269615,18.19125435199109,0.008972826173368873,0.016177015197587897,0.01128595283418811,0.004246306802517803,0.018409355742506763,0.0026557462682427696,13.463107820166396,25.5,86.89959684509168,551.175885081669,0.1340888911986853,0.2269265782818463,0.1705854728869221,0.06923158637176662,0.26836123065867357,0.08222522024338733
1.0,9.78382485092354,14.868424516679337,64.94615107908616,289.67999013784083,0.10990032989657338,0.07525987866661756,0.028202316182555427,0.0232141099523171,0.2176383792230753,0.06905336797023465,0.430427912605958,2.5601388720354588,2.192763862670218,26.851992875940454,0.012125971683026095,0.01559687370905089,0.019986338449787814,0.01367597918625469,0.0265730193367292,0.004581445115166518,10.61502664651398,20.21,66.56760218608622,334.3802540398328,0.14161319420675597,0.09806161120083699,0.06659914918222588,0.06127657306988667,0.2756597167955577,0.07395851432951892
1.0,12.545935014442321,16.39,80.71209162226342,496.46371940291294,0.07684368431799664,0.06067013906247929,0.061545801163832715,0.03483215675353971,0.16912431393272653,0.06104767240988202,0.11645282657552712,0.5647158947051542,0.7833703989114426,7.626431970070505,0.005455697856339685,0.014244646234182874,0.02174462847745438,0.013125975974233423,0.019409034190590143,0.0030085740928691438,13.06,20.501813648424974,82.68371197828976,524.0592442079551,0.1126,0.1852804971473723,0.23019766708510642,0.11455605604148554,0.2868950470910184,0.08489236579366387
1.0,11.74,19.029548851348483,75.91005957786042,430.8008509652145,0.08357533267329632,0.054882782094224966,0.028335799439033613,0.024208007929936118,0.13872030212436925,0.05945,0.25265704332856465,1.769621286166345,1.820331357840663,18.54,0.01112269995714715,0.012344543896138621,0.01678551743594854,0.010476400438195217,0.026618835209687334,0.0021655487489310355,12.404524432673684,21.574119726878124,80.44485730604147,472.7925690085132,0.10823057920360968,0.06206658451070827,0.0185337979729368,0.04800168896820015,0.22672262213265174,0.06200954852934824
1.0,11.74,21.695456908929614,76.27642870656575,419.8842544203806,0.09716453458670497,0.11157867472753402,0.048246011799053724,0.0185042403993035,0.13840924359431955,0.06436562351153695,0.30415170861812635,1.5050895458754499,2.3591263359708172,21.55610185904726,0.009057837562599435,0.03549381307578253,0.03128371942287662,0.009059885202637036,0.019233499808638033,0.0046400706739976845,13.0574954006222,25.47,87.18365858138793,512.9034277969143,0.12693349354720418,0.2548163794941161,0.17768965147312413,0.04977783104597793,0.25859024136945896,0.08506825039144009
0.0,18.29137382499042,22.032860266470035,121.26858465330929,1053.8394806187757,0.09871674366950887,0.12065156919252065,0.1035532864714005,0.07483357432247492,0.16478046992662068,0.06281526239581439,0.7657759257715,1.3823421917997538,6.241828525443904,95.00641503387328,0.004435556238311909,0.019616842814828887,0.02205729462789649,0.010927155236200758,0.014850634215784005,0.00333668097046571,23.726167689156778,31.68124410423141,159.89392802151258,1663.6443768540505,0.13837975648384104,0.31312636453532394,0.33183877481443363,0.16451657677476086,0.2811622980319978,0.09067821839256944
0.0,15.053246102749206,25.5884333473419,97.88097146270293,685.9505451223253,0.10355717263466002,0.1305576905789692,0.16898259058369,0.09459754108881333,0.180805295016375,0.06282578328121029,0.8207038569761433,3.544030123269198,5.65250435554414,81.14235691601495,0.027726840296289794,0.05053501432676064,0.0779016838574971,0.040568172578208245,0.021150141819847992,0.00754339060432709,15.891926518833772,28.054683300014748,106.2100258810692,807.8253055801105,0.1248686931769387,0.1970812224668659,0.2503185136584397,0.1340201509529218,0.19495152931675772,0.07717612105467896
0.0,15.668922598307004,22.15,103.2568183067573,775.5931485607001,0.09152535327533902,0.10522473681168162,0.09863864243393251,0.05599460395913118,0.1846916028239541,0.05474896672927595,0.4208558536737401,1.073685215233401,2.9829738488786286,45.18892385696511,0.004784078103540032,0.025313283274292123,0.034955414570511815,0.010617365517090669,0.016402492124201237,0.0027116283129042075,19.060063744831112,31.569717310376685,126.20889873141869,1144.2260981903798,0.13777281649093298,0.30922380022068985,0.3837880589659546,0.13229416585298417,0.31555445860186027,0.08156088856365
0.0,17.521316423003032,18.56612296124835,116.78275658725698,951.4872879492076,0.1170553151606092,0.17157110502100653,0.18843814894078623,0.12384768782227754,0.23969727909784336,0.062460630226105714,0.6655717169929688,1.3055308130855103,4.594445672723812,77.00865168880117,0.010842065154841861,0.059890981813943686,0.046777223033648396,0.019066201412616304,0.04524397118440371,0.005995505647626391,18.07,19.427484499901677,123.73136286778002,1021.2254101137343,0.15323385789654156,0.41469507210036,0.35172483888968925,0.176946809146545,0.37294178023521585,0.08546785210798115
